city_name,province
JAKARTA,DKI Jakarta
TANGERANG,Banten
CILEGON,Banten
BOGOR,Jawa Barat
BEKASI,Jawa Barat
BANDUNG,Jawa Barat
DEPOK,Jawa Barat
CIKARANG,Jawa Barat
KARAWANG,Jawa Barat
CIREBON,Jawa Barat
GARUT,Jawa Barat
TASIKMALAYA,Jawa Barat
SUMEDANG,Jawa Barat
CIANJUR,Jawa Barat
INDRAMAYU,Jawa Barat
SUKABUMI,Jawa Barat
PURWAKARTA,Jawa Barat
SEMARANG,Jawa Tengah
SOLO,Jawa Tengah
PEKALONGAN,Jawa Tengah
KLATEN,Jawa Tengah
MAGELANG,Jawa Tengah
PURWOKERTO,Jawa Tengah
TEGAL,Jawa Tengah
SURABAYA,Jawa Timur
MALANG,Jawa Timur
SIDOARJO,Jawa Timur
GRESIK,Jawa Timur
JEMBER,Jawa Timur
KEDIRI,Jawa Timur
BONDOWOSO,Jawa Timur
MADIUN,Jawa Timur
TUBAN,Jawa Timur
YOGYAKARTA,DI Yogyakarta
MEDAN,Sumatera Utara
KISARAN,Sumatera Utara
PEMATANG SIANTAR,Sumatera Utara
RANTAU PRAPAT,Sumatera Utara
LAMPUNG,Lampung
BATAM,Kepulauan Riau
TANJUNG PINANG,Kepulauan Riau
PEKANBARU,Riau
DUMAI,Riau
ROKAN HILIR,Riau
PALEMBANG,Sumatera Selatan
JAMBI,Jambi
PADANG,Sumatera Barat
BENGKULU,Bengkulu
PANGKAL PINANG,Kepulauan Bangka Belitung
SAMARINDA,Kalimantan Timur
BALIKPAPAN,Kalimantan Timur
BONTANG,Kalimantan Timur
BANJARMASIN,Kalimantan Selatan
PONTIANAK,Kalimantan Barat
SINGKAWANG,Kalimantan Barat
PALANGKARAYA,Kalimantan Tengah
KUALA KAPUAS,Kalimantan Tengah
TARAKAN,Kalimantan Utara
MAKASSAR,Sulawesi Selatan
MANADO,Sulawesi Utara
GORONTALO,Gorontalo
PALU,Sulawesi Tengah
KENDARI,Sulawesi Tenggara
MAMUJU,Sulawesi Barat
DENPASAR,Bali
MATARAM,NTB
KUPANG,NTT
AMBON,Maluku
TERNATE,Maluku Utara
JAYAPURA,Papua
SORONG,Papua Barat Daya
MANOKWARI,Papua Barat
TIMIKA,Papua Tengah
