date,name,source,published
2025-01-28,Tahun Baru Imlek 2576,"SKB 3 Menteri No. 1017, 2, 2 Tahun 2024",2024-10-14
2025-03-28,Nyepi 1947,"SKB 3 Menteri No. 1017, 2, 2 Tahun 2024",2024-10-14
2025-04-02,Idulfitri 1446 H,"SKB 3 Menteri No. 1017, 2, 2 Tahun 2024",2024-10-14
2025-04-03,Idulfitri 1446 H,"SKB 3 Menteri No. 1017, 2, 2 Tahun 2024",2024-10-14
2025-04-04,Idulfitri 1446 H,"SKB 3 Menteri No. 1017, 2, 2 Tahun 2024",2024-10-14
2025-04-07,Idulfitri 1446 H,"SKB 3 Menteri No. 1017, 2, 2 Tahun 2024",2024-10-14
2025-05-13,Waisak 2569 BE,"SKB 3 Menteri No. 1017, 2, 2 Tahun 2024",2024-10-14
2025-05-30,Kenaikan Yesus Kristus,"SKB 3 Menteri No. 1017, 2, 2 Tahun 2024",2024-10-14
2025-06-09,Iduladha 1446 H,"SKB 3 Menteri No. 1017, 2, 2 Tahun 2024",2024-10-14
2025-08-18,Proklamasi Kemerdekaan,"SKB 3 Menteri No. 933, 1, 3 Tahun 2025",2025-08-07
2025-12-26,Kelahiran Yesus Kristus,"SKB 3 Menteri No. 1017, 2, 2 Tahun 2024",2024-10-14
2026-02-16,Tahun Baru Imlek 2577,"SKB 3 Menteri No. 1497, 2, 5 Tahun 2025",2025-09-19
2026-03-18,Nyepi 1948,"SKB 3 Menteri No. 1497, 2, 5 Tahun 2025",2025-09-19
2026-03-20,Idulfitri 1447 H,"SKB 3 Menteri No. 1497, 2, 5 Tahun 2025",2025-09-19
2026-03-23,Idulfitri 1447 H,"SKB 3 Menteri No. 1497, 2, 5 Tahun 2025",2025-09-19
2026-03-24,Idulfitri 1447 H,"SKB 3 Menteri No. 1497, 2, 5 Tahun 2025",2025-09-19
2026-05-15,Kenaikan Yesus Kristus,"SKB 3 Menteri No. 1497, 2, 5 Tahun 2025",2025-09-19
2026-05-28,Iduladha 1447 H,"SKB 3 Menteri No. 1497, 2, 5 Tahun 2025",2025-09-19
2026-12-24,Kelahiran Yesus Kristus,"SKB 3 Menteri No. 1497, 2, 5 Tahun 2025",2025-09-19
