movie_title,origin_country,is_local,film_kind,is_sequel_or_franchise,franchise_name,predecessor_title,predecessor_year,predecessor_admissions_id,predecessor_source_url,predecessor_published,source_material,production_house,distributor_id,world_premiere_date,trailer_date,imdb_rating_pre_cutoff,imdb_snapshot_url,wikipedia_en,wikipedia_id,info_public_before_cutoff,fact_source_url,fact_source_date,confidence,notes
LEGENDA KELAM MALIN KUNDANG,Indonesia,1,live_action,0,,,,,,,folklore,Come and See Pictures; Rapi Films; Legacy Pictures,,2025-11-27,,,,,Legenda Kelam Malin Kundang,yes,https://www.cnnindonesia.com/hiburan/20250520105915-220-1231047/joko-anwar-umumkan-film-legenda-kelam-malin-kundang-gaet-rio-dewanto,2025-05-20,high,Announced by Joko Anwar 2025-05-19 (producer and writer); modern take on Minangkabau legend
AIR MATA MUALAF,Indonesia,1,live_action,0,,,,,,,original,Merak Abadi Production,,2025-11-27,,,,,Air Mata Mualaf,yes,https://pop.matamata.com/read/2024/09/29/143930/syuting-di-sydney-acha-septriasa-bintangi-film-air-mata-mualaf,2024-09-29,medium,"Religious drama with Acha Septriasa, shot in Sydney 2024; whether inspired by a true story not verified"
STOLEN GIRL,United States,0,live_action,0,,,,,,,original,Iervolino & Lady Bacardi Entertainment (inferred from producers),,,,,,Stolen Girl (2025 film),,unknown,https://en.wikipedia.org/wiki/Stolen_Girl_(2025_film),,low,Action thriller with Kate Beckinsale and Scott Eastwood; not the TV series Stolen Girl; en.wikipedia article created 2025-11-25; source material and premiere not verified
THE STRANGERS: CHAPTER 3,United States,0,live_action,1,The Strangers,The Strangers – Chapter 2,2025.0,,,,remake,,,2026-01-15,,,,The Strangers – Chapter 3,,yes,https://en.wikipedia.org/w/index.php?oldid=1313743137,2025-09-27,high,Final part of reboot trilogy of The Strangers (2008); predecessor opened in Indonesia 2025-10-01 so no pre-cutoff admissions can exist; US distributor Lionsgate
THE STRANGERS: CHAPTER 2,United States,0,live_action,1,The Strangers,The Strangers: Chapter 1,2024.0,,,,remake,,,2025-09-16,,,,The Strangers – Chapter 2,,yes,https://en.wikipedia.org/w/index.php?oldid=1314349341,2025-09-30,high,Reboot trilogy part 2; US release 2025-09-26 (Lionsgate); Indonesian admissions of Chapter 1 not published; IMDb latest pre-cutoff snapshot (2025-07-30) is pre-release with no rating
THE FIRST RIDE,South Korea,0,live_action,0,,,,,,,original,,,2025-10-29,,,,The First Ride,The First Ride,yes,https://en.wikipedia.org/w/index.php?oldid=1312942536,2025-09-23,high,"Comedy adventure with Kang Ha-neul, Cha Eun-woo; Korean distributor Showbox"
MERCY,United States,0,live_action,0,,,,,,,original,Amazon MGM Studios,,2026-01-23,,,,Mercy (2026 film),Mercy (film 2026),yes,https://en.wikipedia.org/w/index.php?oldid=1310398524,2025-09-09,high,"Chris Pratt, Rebecca Ferguson; international release by Sony Pictures Releasing International; date is US release"
DEATH WHISPERER 3,Thailand,0,live_action,1,Death Whisperer (Tee Yod),Death Whisperer 2,2024.0,,,,novel,Major Joint Film; BEC World,,2025-10-01,,,,Death Whisperer 3,,yes,https://en.wikipedia.org/w/index.php?oldid=1314315732,2025-09-30,high,Thai horror franchise based on Krittanon's Tee Yod writings; predecessor released in Indonesia 2024-11-27 but no dated Indonesian admissions figure found
BALAS BUDI,Indonesia,1,live_action,0,,,,,,,original,Im-a-gin-e; Anami Films,,2026-02-05,,,,,Balas Budi,unknown,https://filmindonesia.or.id/film/lf-b009-26-569002,,medium,Romantic comedy with Michelle Ziudith and Yoshi Sudarso; no pre-cutoff source found
PRIMATE,United States,0,live_action,0,,,,,,,original,18hz Productions,,2025-09-18,,,,Primate (2025 film),Primate (film 2025),yes,https://en.wikipedia.org/w/index.php?oldid=1314293277,2025-09-30,high,Premiered Fantastic Fest; Paramount; IMDb pre-cutoff snapshot not retrievable
WICKED: FOR GOOD (IMAX 2D),United States,0,live_action,1,Wicked,Wicked,2024.0,,,,other,Universal Pictures; Marc Platt Productions,,2025-11-21,,,,Wicked: For Good,Wicked: For Good,yes,https://en.wikipedia.org/w/index.php?oldid=1314140043,2025-09-29,high,Based on stage musical and Maguire novel; date is US release; Indonesian admissions of Wicked (2024) not published; format version of WICKED: FOR GOOD
WILDCAT,United States,0,live_action,0,,,,,,,original,Capstone Pictures,,2025-11-25,,,,Wildcat (2025 film),,yes,https://en.wikipedia.org/w/index.php?oldid=1296295385,2025-06-19,medium,Kate Beckinsale action thriller; date is US release; IMDb snapshot 2025-08-20 shows no rating
SISU: ROAD TO REVENGE,Finland,0,live_action,1,Sisu,Sisu,2022.0,,,,original,Stage 6 Films; Subzero Film Entertainment; Good Chaos,,2025-09-21,,,,Sisu: Road to Revenge,Sisu: Road to Revenge,yes,https://en.wikipedia.org/w/index.php?oldid=1313798474,2025-09-28,high,"Finland and US co-production, Sony Screen Gems worldwide; premiered Fantastic Fest; IMDb snapshot 2025-09-15 had no votes; predecessor Indonesian admissions not published"
DANUR: THE LAST CHAPTER (IMAX 2D),Indonesia,1,live_action,1,Danur,Danur 3: Sunyaruri,2019.0,2416691.0,https://www.inilah.com/daftar-50-film-indonesia-terlaris-sepanjang-masa,2024-05-09,novel,MD Pictures,MD Pictures,2026-03-18,,,,Danur: The Last Chapter,Danur: The Last Chapter,yes,https://mdentertainment.com/pictures/id/news-id/danur-4/,2025-02-21,high,"Announced as Danur 4 (cast reveal 2025-02-21); final title announced 2026-01-12; same source lists Danur (2017) 2,736,391 and Danur 2: Maddah (2018) 2,572,871; spin-offs Asih and Ivanna (2022, 2,951,204); based on Risa Saraswati books; Lebaran 2026 release with IMAX; format version of DANUR: THE LAST CHAPTER"
JANGAN SEPERTI BAPAK,Indonesia,1,live_action,0,,,,,,,original,Amazing Grace Production (reported as JHN Production in 2024),,2026-02-12,,,,,Jangan Seperti Bapak,yes,https://www.popline.id/music/75570747/lulus-dari-jkt48-zee-main-film-jangan-seperti-bapak,2024-09-15,medium,Action drama starring Zee Asadel (ex JKT48); long gap between shooting and release
THE RUNNING MAN,United Kingdom; United States,0,live_action,0,,,,,,,novel,Kinberg Genre; Complete Fiction,,2025-11-14,,,,The Running Man (2025 film),The Running Man (film 2025),yes,https://en.wikipedia.org/w/index.php?oldid=1314203189,2025-09-30,high,"New Stephen King adaptation by Edgar Wright (1987 film is an earlier adaptation, not a predecessor); Paramount; date is US release"
THE SMASHING MACHINE,United States,0,live_action,0,,,,,,,true_story,A24; Seven Bucks Productions; Out for the Count; Magnetic Fields Entertainment,,2025-09-01,,,,The Smashing Machine (2025 film),The Smashing Machine,yes,https://en.wikipedia.org/w/index.php?oldid=1314337611,2025-09-30,high,Mark Kerr biopic (based on 2002 documentary); Venice premiere; rating not extractable from pre-cutoff IMDb snapshot
WE BURY THE DEAD,Australia; United States,0,live_action,0,,,,,,,original,The Penguin Empire; Campfire Studios; Gramercy Park Media; Giant Leap Media,,2025-03-09,,7.1,https://web.archive.org/web/20250531152106/https://www.imdb.com/title/tt29713093/?ref_=fn_all_ttl_1,We Bury the Dead,We Bury the Dead,yes,https://en.wikipedia.org/w/index.php?oldid=1313376564,2025-09-25,high,Premiered SXSW; IMDb 7.1 from 116 votes at snapshot
ZOOTOPIA 2 (IMAX 2D),United States,0,animation,1,Zootopia,Zootopia,2016.0,,,,original,Walt Disney Animation Studios,,2025-11-26,,,,Zootopia 2,Zootopia 2,yes,https://en.wikipedia.org/w/index.php?oldid=1314288325,2025-09-30,high,Disney; date is US release; predecessor Indonesian admissions not published; format version of ZOOTOPIA 2
TEMAN TEGAR MAIRA,Indonesia,1,live_action,1,Tegar,Tegar,2022.0,,,,original,Aksa Bumi Langit (producer of Tegar; not verified for sequel),,2026-02-05,,,,,Teman Tegar Maira,unknown,https://www.betahita.id/berita/11783/film-teman-tegar-maira-dua-sekawan-cerita-papua,,medium,"Sequel to Tegar (released 2022-11-24); no dated cinema admissions for Tegar found (reported 1.7M+ reach mostly via school screenings, not comparable)"
5 CENTIMETERS PER SECOND (LIVE ACTION),Japan,0,live_action,1,5 Centimeters per Second,5 Centimeters per Second (anime),2007.0,,,,remake,,,2025-10-10,,,,,,yes,https://en.wikipedia.org/wiki/5_Centimeters_per_Second,2024-09-22,medium,"Live action remake of Makoto Shinkai anime, directed by Yoshiyuki Okuyama, lead Hokuto Matsumura; announced 2024-09-22 and released in Japan 2025-10-10 per Wikipedia (no dated primary URL); the 2007 anime was re-released in Indonesia on 2026-01-17"
PENUNGGU RUMAH: BUTO IJO,Indonesia,1,live_action,0,,,,,,,folklore,,,2026-01-15,,,,,Penunggu Rumah: Buto Ijo,unknown,https://www.liputan6.com/showbiz/read/6250231/gandhi-fernando-bahas-film-penunggu-rumah-buto-ijo-menafsir-keserakahan-dan-pilihan-hidup-manusia,,medium,"Family friendly horror based on Timun Mas folklore; Gandhi Fernando producer, writer and lead; production company not verified; id.wikipedia article created 2025-11-22"
MARTY SUPREME,United States,0,live_action,0,,,,,,,original,A24; Central Group,,2025-10-06,,,,Marty Supreme,Marty Supreme,yes,https://en.wikipedia.org/w/index.php?oldid=1314059591,2025-09-29,high,"Loosely inspired by table tennis player Marty Reisman; premiere date (NYFF) from own knowledge, low confidence for that field"
KEEPER,United States,0,live_action,0,,,,,,,original,Oddfellows,,2025-11-14,,,,Keeper (2025 film),Keeper (film 2025),yes,https://en.wikipedia.org/w/index.php?oldid=1311659708,2025-09-16,high,Osgood Perkins horror; Neon; date is US release
SADALI,Indonesia,1,live_action,1,Hidup Ini Terlalu Banyak Kamu (Pidi Baiq),Hidup Ini Terlalu Banyak Kamu,2024.0,,,,novel,MVP Pictures,,2026-02-05,,,,,Sadali (film),unknown,https://www.antaranews.com/berita/5359822/sadalilanjutkan-kisah-best-seller-hidup-ini-terlalu-banyak-kamu,,medium,"Sequel to Hidup Ini Terlalu Banyak Kamu (released 2024-11-21, MVP); no dated admissions for predecessor found"
AHLAN SINGAPORE,Indonesia,1,live_action,0,,,,,,,original,MD Pictures (with Singapore Tourism Board),MD Pictures,2026-02-05,,,,,Ahlan Singapore,unknown,https://en.tempo.co/read/2085654/ahlan-singapore-movie-highlights-muslim-friendly-travel,,medium,Romance with Rebecca Klopper and Kiesha Alvaro; shot in Singapore September 2025
PROJECT Y,South Korea,0,live_action,0,,,,,,,original,Wow Point; Climax Studio,,2025-09-10,,,,Project Y (film),Project Y (film),yes,https://en.wikipedia.org/w/index.php?oldid=1313525807,2025-09-26,high,TIFF premiere then Busan 2025-09-18; Korean distributor Plus M; IMDb snapshot 2025-09-25 had no rating
TIN SOLDIER,United States,0,live_action,0,,,,,,,original,Unified Pictures; Current Entertainment; Road Less Traveled,,2025-05-29,,3.4,https://web.archive.org/web/20250703073630/https://www.imdb.com/title/tt20258920/,Tin Soldier (film),Tin Soldier (film),yes,https://en.wikipedia.org/w/index.php?oldid=1314328398,2025-09-30,high,"First release Russia 2025-05-29, US 2025-09-12 (Samuel Goldwyn); IMDb 3.4 from 2354 votes at snapshot"
THE BRIDE!,United States,0,live_action,0,,,,,,,other,First Love Films; In the Current Company,,2026-03-06,,,,The Bride!,The Bride!,yes,https://en.wikipedia.org/w/index.php?oldid=1313876871,2025-09-28,high,Reimagining of Bride of Frankenstein (Frankenstein material); Warner Bros.; date is US release
"GOOD LUCK, HAVE FUN, DONT DIE",United States; Germany,0,live_action,0,,,,,,,original,3 Arts Entertainment; Blind Wink Productions; Constantin Film; Robert Kulzer Productions; WAM Films,,2025-09-24,,,,"Good Luck, Have Fun, Don't Die",,yes,https://en.wikipedia.org/w/index.php?oldid=1313882187,2025-09-28,high,Gore Verbinski; premiered Fantastic Fest; IMDb pre-cutoff snapshot not retrievable
I WAS A STRANGER,United States,0,live_action,0,,,,,,,original,,,2024-02-23,,,,I Was a Stranger,,yes,https://en.wikipedia.org/wiki/I_Was_a_Stranger,2024-02-23,medium,Premiered Berlinale 2024 under title The Stranger's Case (premiere date per current Wikipedia); US release 2025-12-31; IMDb not checked
BIDADARI SURGA,Indonesia,1,live_action,0,,,,,,,original,Max Pictures,,2026-01-15,,,,,Bidadari Surga,unknown,https://www.tempo.co/teroka/alasan-film-bidadari-surga-baru-tayang-januari-2026-2106233,,medium,"Religious romantic comedy; shot around 2021 to 2022 and delayed about 5 years (pandemic, editing); not the 2012 Tere Liye adaptation; no dated pre-cutoff source found"
MOON THE PANDA,France,0,live_action,0,,,,,,,original,,,2025-04,,,,,,yes,,,low,"French family film Moon, le panda by Gilles de Maistre (Gaumont); French release April 2025 from own knowledge, no dated URL verified"
TRON: ARES (IMAX 2D),United States,0,live_action,1,Tron,Tron: Legacy,2010.0,,,,other,Walt Disney Pictures; Sean Bailey Productions,,2025-10-10,,,,Tron: Ares,Tron: Ares,yes,https://en.wikipedia.org/w/index.php?oldid=1314282803,2025-09-30,high,Disney; date is US release; predecessor Indonesian admissions not published; format version of TRON: ARES
NUMBER ONE,South Korea,0,live_action,0,,,,,,,novel,By4M Studio,,2026-02-11,,,,Number One (2026 film),Number One (film 2026),unknown,https://en.wikipedia.org/wiki/Number_One_(2026_film),,medium,"Based on Japanese novel by Sora Uwano; Choi Woo-shik; en.wikipedia article created 2026-02-27, no pre-cutoff source checked"
THE TOXIC AVENGER,United States,0,live_action,1,The Toxic Avenger,The Toxic Avenger,1984.0,,,,remake,,,2023-09-21,,,,The Toxic Avenger (2023 film),,yes,https://en.wikipedia.org/w/index.php?oldid=1313601739,2025-09-27,high,"Remake of 1984 Troma film; premiered Fantastic Fest 2023, US release 2025-08-29 (Cineverse); no meaningful Indonesian predecessor admissions; IMDb snapshot unreadable"
"13 DAYS, 13 NIGHTS",France; Belgium,0,live_action,0,,,,,,,true_story,Chapter 2 Productions; Pathe; M6 Films; Umedia; Canal+,,2025-05-23,,7.0,https://web.archive.org/web/20250902153258/https://www.imdb.com/title/tt28291010/,"13 Days, 13 Nights","13 Days, 13 Nights",yes,https://en.wikipedia.org/w/index.php?oldid=1314331934,2025-09-30,high,"Kabul evacuation 2021, based on Mohamed Bida's account; Cannes premiere; IMDb 7.0 from 430 votes at snapshot"
MURDER REPORT,South Korea,0,live_action,0,,,,,,,original,,,2025-09-05,,,,,,yes,https://web.archive.org/web/20250911060938/https://www.imdb.com/title/tt37718411/,2025-09-11,medium,"Korean title Murderer Report (Jo Yeo-jeong, Jung Sung-il); Korea release 2025-09-05; archived IMDb capture exists but rating not readable"
BLADES OF THE GUARDIANS (IMAX 2D),China,0,live_action,0,,,,,,,comic,Damai Entertainment; Beijing Dengfeng International Culture Communications; Woo Ping Pictures,,2026-02-17,,,,Blades of the Guardians,Blades of the Guardians,yes,https://en.wikipedia.org/w/index.php?oldid=1303176051,2025-07-29,high,"Yuen Woo-ping wuxia based on manhua Biao Ren, Wu Jing; pre-cutoff infobox listed Alibaba Pictures; China release Chinese New Year 2026; format version of BLADES OF THE GUARDIANS"
PREDATOR: BADLANDS (IMAX 2D),United States,0,live_action,1,Predator,The Predator,2018.0,,,,other,Davis Entertainment; Lawrence Gordon Productions,,2025-11-07,,,,Predator: Badlands,Predator: Badlands,yes,https://en.wikipedia.org/w/index.php?oldid=1313835420,2025-09-28,high,"20th Century Studios; last theatrical entry The Predator (2018), Prey (2022) and Killer of Killers (2025) were streaming only; date is US release; format version of PREDATOR: BADLANDS"
REGRETTING YOU,United States; Germany,0,live_action,0,,,,,,,novel,Constantin Film; Harbinger Pictures; Frayed Pages Entertainment; Heartbones Entertainment,,2025-10-23,,,,Regretting You,Regretting You (film),yes,https://en.wikipedia.org/w/index.php?oldid=1312877611,2025-09-23,high,Colleen Hoover novel; Paramount worldwide; first release Germany
THE CARPENTERS SON,France; United States,0,live_action,0,,,,,,,other,Cinenovo; Spacemaker Productions; Saturn Films; Anonymous Content; BlueLight,,2025-11-14,,,,The Carpenter's Son,The Carpenter's Son,yes,https://en.wikipedia.org/w/index.php?oldid=1314327090,2025-09-30,high,Nicolas Cage; based on Infancy Gospel of Thomas; Magnolia (US); date is US release
HAMNET,United Kingdom; United States,0,live_action,0,,,,,,,novel,Hera Pictures; Neal Street Productions; Amblin Entertainment; Book of Shadows,,2025-08-29,,,,Hamnet (film),Hamnet (film),yes,https://en.wikipedia.org/w/index.php?oldid=1314022206,2025-09-29,high,Chloe Zhao; Maggie O'Farrell novel; Telluride premiere; Focus Features; IMDb snapshot unreadable
SETANNYA CUAN,Indonesia,1,live_action,0,,,,,,,true_story,,,2026-03-05,,,,,,unknown,https://www.beritasatu.com/lifestyle/2972049/setannya-cuan-tayang-5-maret-2026-horor-komedi-satir,,low,"Horror comedy (Joe P Project, Aming); said to be based on executive producer's family experience in 1970s Bandung; production company not verified"
ASRAMA PUTRI,Indonesia,1,live_action,0,,,,,,,viral_story,,,2026-02-19,,,,,,unknown,https://filmindonesia.or.id/film/lf-a011-26-990444,,medium,Horror adapted from a viral campus story in Bogor; producer Adipati Karna; production company not verified
5 CENTIMETERS PER SECOND (ANIMATION),Japan,0,rerelease,0,,,,,,,original,CoMix Wave Films,,2007-03-03,,7.4,https://web.archive.org/web/20250919050903/https://www.imdb.com/title/tt0983213/,5 Centimeters per Second,5 Centimeters Per Second,yes,https://en.wikipedia.org/w/index.php?oldid=1312854052,2025-09-23,high,"Re-release of 2007 Makoto Shinkai anime, timed with live action remake; IMDb 7.4 from 68743 votes"
ONCE WE WERE US,South Korea,0,live_action,0,,,,,,,remake,,,2025-12-31,,,,Once We Were Us,Once We Were Us,unknown,https://en.wikipedia.org/wiki/Once_We_Were_Us,,medium,"Remake of Chinese film Us and Them (2018); Koo Kyo-hwan, Moon Ga-young; Showbox; en.wikipedia created 2026-01-09"
REMINDERS OF HIM,United States,0,live_action,0,,,,,,,novel,Heartbones Entertainment; Little Engine Productions,,2026-03-13,,,,Reminders of Him,,yes,https://en.wikipedia.org/w/index.php?oldid=1314293406,2025-09-30,high,Colleen Hoover novel; Universal; date is US release
CAUGHT STEALING,United States,0,live_action,0,,,,,,,novel,Columbia Pictures; Protozoa Pictures,,2025-08-29,,,,Caught Stealing,,yes,https://en.wikipedia.org/w/index.php?oldid=1314317359,2025-09-30,high,Charlie Huston novel; Sony; US release 2025-08-29; IMDb pre-cutoff snapshot not retrievable
BELUM ADA JUDUL,Indonesia,1,live_action,0,,,,,,,original,Citra Sinema; SinemArt,,2025-11-20,,,,,Belum Ada Judul (film),unknown,https://www.liputan6.com/showbiz/read/6216400/belum-ada-judul-tayang-di-bioskop-mulai-20-november-2025-dibintangi-bucek-depp-hingga-nurra-datau,,medium,"Teacher drama with Bucek Depp, Deddy Mizwar, Iwan Fals"
HOPPERS (3D),United States,0,animation,0,,,,,,,original,Pixar Animation Studios,,2026-03-06,,,,Hoppers (film),Hoppers,yes,https://en.wikipedia.org/w/index.php?oldid=1313175530,2025-09-24,high,Disney/Pixar original; date is US release; format version of HOPPERS
SEND HELP,United States,0,live_action,0,,,,,,,original,Raimi Productions,,2026-01-30,,,,Send Help,Send Help,yes,https://en.wikipedia.org/w/index.php?oldid=1312972986,2025-09-23,high,Sam Raimi; 20th Century Studios; date is US release
THE RUNNING MAN (IMAX 2D),United Kingdom; United States,0,live_action,0,,,,,,,novel,Kinberg Genre; Complete Fiction,,2025-11-14,,,,The Running Man (2025 film),The Running Man (film 2025),yes,https://en.wikipedia.org/w/index.php?oldid=1314203189,2025-09-30,high,"New Stephen King adaptation by Edgar Wright (1987 film is an earlier adaptation, not a predecessor); Paramount; date is US release; format version of THE RUNNING MAN"
WUTHERING HEIGHTS (IMAX 2D),United Kingdom; United States,0,live_action,0,,,,,,,novel,MRC; Lie Still; LuckyChap Entertainment,,2026-02-11,,,,Wuthering Heights (2026 film),Wuthering Heights (film 2026),yes,https://en.wikipedia.org/w/index.php?oldid=1314179141,2025-09-30,high,Emerald Fennell adaptation of Emily Bronte novel; Warner Bros.; format version of WUTHERING HEIGHTS
SCREAM 7 (IMAX 2D),United States,0,live_action,1,Scream,Scream VI,2023.0,,,,other,Spyglass Media Group; Project X Entertainment; Outerbanks Entertainment,,2026-02-27,,,,Scream 7,Scream 7,yes,https://en.wikipedia.org/w/index.php?oldid=1314293132,2025-09-30,high,Paramount; date is US release; predecessor Indonesian admissions not published; format version of SCREAM 7
MARIA,Italy; Germany; Chile; United States,0,live_action,0,,,,,,,true_story,Fremantle; The Apartment Pictures; Komplizen Film; Fabula; FilmNation Entertainment,,2024-08-29,,6.4,https://web.archive.org/web/20250814234411/https://www.imdb.com/title/tt22893404/,Maria (2024 film),Maria (film 2024),yes,https://en.wikipedia.org/w/index.php?oldid=1311696745,2025-09-16,high,"Maria Callas biopic with Angelina Jolie; Venice 2024 premiere, late Indonesian release; IMDb 6.4 from 21832 votes"
TRON: ARES (3D),United States,0,live_action,1,Tron,Tron: Legacy,2010.0,,,,other,Walt Disney Pictures; Sean Bailey Productions,,2025-10-10,,,,Tron: Ares,Tron: Ares,yes,https://en.wikipedia.org/w/index.php?oldid=1314282803,2025-09-30,high,Disney; date is US release; predecessor Indonesian admissions not published; format version of TRON: ARES
STRAY KIDS: THE DOMINATE EXPERIENCE (IMAX 2D),South Korea,0,concert,0,,,,,,,other,,,2026-02,,,,,,unknown,,,low,Stray Kids concert film; no Wikipedia article and no pre-cutoff source checked; format version of STRAY KIDS: THE DOMINATE EXPERIENCE
MERCY (IMAX 2D),United States,0,live_action,0,,,,,,,original,Amazon MGM Studios,,2026-01-23,,,,Mercy (2026 film),Mercy (film 2026),yes,https://en.wikipedia.org/w/index.php?oldid=1310398524,2025-09-09,high,"Chris Pratt, Rebecca Ferguson; international release by Sony Pictures Releasing International; date is US release; format version of MERCY"
STRAY KIDS: THE DOMINATE EXPERIENCE,South Korea,0,concert,0,,,,,,,other,,,2026-02,,,,,,unknown,,,low,Stray Kids concert film; no Wikipedia article and no pre-cutoff source checked
G-DRAGON IN CINEMA: UBERMENSCH,South Korea,0,concert,0,,,,,,,other,,,2025-10-29,,,,G-Dragon in Cinema: Übermensch,,unknown,https://en.wikipedia.org/wiki/G-Dragon_in_Cinema:_%C3%9Cbermensch,,medium,"Concert film of 2025 Ubermensch world tour, global release 2025-10-29; en.wikipedia created 2025-10-22"
TAJ MAHAL: AN ETERNAL LOVE STORY,India,0,rerelease,0,,,,,,,true_story,,,2005-11-18,,5.3,https://web.archive.org/web/20240716140401/https://www.imdb.com/title/tt0328503/,Taj Mahal: An Eternal Love Story,Taj Mahal: An Eternal Love Story,yes,https://en.wikipedia.org/w/index.php?oldid=1270492862,2025-01-19,medium,"2005 Indian historical drama by Akbar Khan (Shah Jahan and Mumtaz); Indonesian 2026 release credits Pen Densham, Neil Kaplan, John Watson so may be a re-edited version, not verified; IMDb 5.3 from 197 votes"
NIA,Indonesia,1,live_action,0,,,,,,,true_story,,,2025-12-04,,,,,Nia (film),unknown,https://www.liputan6.com/showbiz/read/6212723/6-fakta-film-nia-karya-sineas-aditya-gumay-dibintangi-syakira-humaira-ruben-onsu-jadi-produser,,medium,Based on the 2024 murder of Nia Kurnia Sari (Padang Pariaman); Ruben Onsu among producers; production company not verified
THE BRIDE! (IMAX 2D),United States,0,live_action,0,,,,,,,other,First Love Films; In the Current Company,,2026-03-06,,,,The Bride!,The Bride!,yes,https://en.wikipedia.org/w/index.php?oldid=1313876871,2025-09-28,high,Reimagining of Bride of Frankenstein (Frankenstein material); Warner Bros.; date is US release; format version of THE BRIDE!
HOPPERS (IMAX 2D),United States,0,animation,0,,,,,,,original,Pixar Animation Studios,,2026-03-06,,,,Hoppers (film),Hoppers,yes,https://en.wikipedia.org/w/index.php?oldid=1313175530,2025-09-24,high,Disney/Pixar original; date is US release; format version of HOPPERS
"WE, EVERYDAY",South Korea,0,live_action,0,,,,,,,comic,,,2026-03-04,,,,,,unknown,,,medium,"Korean title Everyday, We Are, based on a webtoon; shot around 2021 and delayed (late Kim Sae-ron's final film); no dated pre-cutoff source checked"
ZOOTOPIA 2 (3D),United States,0,animation,1,Zootopia,Zootopia,2016.0,,,,original,Walt Disney Animation Studios,,2025-11-26,,,,Zootopia 2,Zootopia 2,yes,https://en.wikipedia.org/w/index.php?oldid=1314288325,2025-09-30,high,Disney; date is US release; predecessor Indonesian admissions not published; format version of ZOOTOPIA 2
EPIC: ELVIS PRESLEY IN CONCERT,United States; Australia,0,documentary,0,,,,,,,other,,,2025-09-06,,9.2,https://web.archive.org/web/20250915063743/https://www.imdb.com/title/tt35003538/,EPiC: Elvis Presley in Concert,,yes,https://en.wikipedia.org/w/index.php?oldid=1314277263,2025-09-30,high,"Baz Luhrmann concert documentary from restored 1970s footage, follow-up to Elvis (2022) but not a sequel; TIFF premiere; IMDb 9.2 from only 56 votes"
WICKED: FOR GOOD (3D),United States,0,live_action,1,Wicked,Wicked,2024.0,,,,other,Universal Pictures; Marc Platt Productions,,2025-11-21,,,,Wicked: For Good,Wicked: For Good,yes,https://en.wikipedia.org/w/index.php?oldid=1314140043,2025-09-29,high,Based on stage musical and Maguire novel; date is US release; Indonesian admissions of Wicked (2024) not published; format version of WICKED: FOR GOOD
G-DRAGON IN CINEMA: UBERMENSCH (IMAX 2D),South Korea,0,concert,0,,,,,,,other,,,2025-10-29,,,,G-Dragon in Cinema: Übermensch,,unknown,https://en.wikipedia.org/wiki/G-Dragon_in_Cinema:_%C3%9Cbermensch,,medium,"Concert film of 2025 Ubermensch world tour, global release 2025-10-29; en.wikipedia created 2025-10-22; format version of G-DRAGON IN CINEMA: UBERMENSCH"
JUARA SEJATI,Indonesia,1,live_action,0,,,,,,,original,,,2026-03-05,,,,,Juara Sejati,unknown,https://demifilm.id/juara-sejati-mulai-tayang-kamis-5-maret-2026,,medium,Children friendship drama; producer and writer Amanda Latief; production company not verified
PREDATOR: BADLANDS (3D),United States,0,live_action,1,Predator,The Predator,2018.0,,,,other,Davis Entertainment; Lawrence Gordon Productions,,2025-11-07,,,,Predator: Badlands,Predator: Badlands,yes,https://en.wikipedia.org/w/index.php?oldid=1313835420,2025-09-28,high,"20th Century Studios; last theatrical entry The Predator (2018), Prey (2022) and Killer of Killers (2025) were streaming only; date is US release; format version of PREDATOR: BADLANDS"
EPIC: ELVIS PRESLEY IN CONCERT (IMAX 2D),United States; Australia,0,documentary,0,,,,,,,other,,,2025-09-06,,9.2,https://web.archive.org/web/20250915063743/https://www.imdb.com/title/tt35003538/,EPiC: Elvis Presley in Concert,,yes,https://en.wikipedia.org/w/index.php?oldid=1314277263,2025-09-30,high,"Baz Luhrmann concert documentary from restored 1970s footage, follow-up to Elvis (2022) but not a sequel; TIFF premiere; IMDb 9.2 from only 56 votes; format version of EPIC: ELVIS PRESLEY IN CONCERT"
DEATH WHISPERER 3 (IMAX 2D),Thailand,0,live_action,1,Death Whisperer (Tee Yod),Death Whisperer 2,2024.0,,,,novel,Major Joint Film; BEC World,,2025-10-01,,,,Death Whisperer 3,,yes,https://en.wikipedia.org/w/index.php?oldid=1314315732,2025-09-30,high,Thai horror franchise based on Krittanon's Tee Yod writings; predecessor released in Indonesia 2024-11-27 but no dated Indonesian admissions figure found; format version of DEATH WHISPERER 3
