film,release_date,eid_date,date,day,metric,admissions,approx,source,published
PABRIK GULA,2025-03-31,2025-03-31,2025-03-31,1,daily,203799,False,https://www.idntimes.com/hype/entertainment/jumlah-penonton-minggu-pertama-film-indonesia-lebaran-2025-00-19lfc-f2rdkk,2025-04-07
PABRIK GULA,2025-03-31,2025-03-31,2025-04-03,4,cumulative,1000000,True,https://www.idntimes.com/hype/entertainment/jumlah-penonton-minggu-pertama-film-indonesia-lebaran-2025-00-19lfc-f2rdkk,2025-04-07
PABRIK GULA,2025-03-31,2025-03-31,2025-04-05,6,cumulative,2000000,True,https://www.kompas.com/hype/read/2025/04/06/204415166/6-hari-tayang-pabrik-gula-catatkan-2-juta-penonton,2025-04-06
PABRIK GULA,2025-03-31,2025-03-31,2025-04-06,7,cumulative,2281222,False,https://www.idntimes.com/hype/entertainment/jumlah-penonton-minggu-pertama-film-indonesia-lebaran-2025-00-19lfc-f2rdkk,2025-04-07
PABRIK GULA,2025-03-31,2025-03-31,2025-04-07,8,daily,311192,False,https://www.kompas.com/hype/read/2025/04/08/091334966/perolehan-sementara-penonton-film-lebaran-2025-pabrik-gula-memimpin-jumbo,2025-04-08
PABRIK GULA,2025-03-31,2025-03-31,2025-04-07,8,cumulative,2597861,False,https://www.kompas.com/hype/read/2025/04/08/091334966/perolehan-sementara-penonton-film-lebaran-2025-pabrik-gula-memimpin-jumbo,2025-04-08
PABRIK GULA,2025-03-31,2025-03-31,2025-04-09,10,cumulative,3181792,False,https://www.cnnindonesia.com/hiburan/20250410153809-220-1217492/box-office-10-hari-film-lebaran-2025-pabrik-gula-pertama-jumbo-kedua,2025-04-10
PABRIK GULA,2025-03-31,2025-03-31,2025-04-14,15,cumulative,4028427,False,https://www.kompas.com/hype/read/2025/04/15/073428966/perolehan-sementara-film-film-lebaran-2025-jumbo-melesat-ke-3-juta-penonton,2025-04-15
JUMBO,2025-03-31,2025-03-31,2025-03-31,1,daily,60458,False,https://www.idntimes.com/hype/entertainment/jumlah-penonton-minggu-pertama-film-indonesia-lebaran-2025-00-19lfc-f2rdkk,2025-04-07
JUMBO,2025-03-31,2025-03-31,2025-04-06,7,cumulative,1027423,False,https://www.idntimes.com/hype/entertainment/jumlah-penonton-minggu-pertama-film-indonesia-lebaran-2025-00-19lfc-f2rdkk,2025-04-07
JUMBO,2025-03-31,2025-03-31,2025-04-07,8,daily,326257,False,https://www.kompas.com/hype/read/2025/04/08/091334966/perolehan-sementara-penonton-film-lebaran-2025-pabrik-gula-memimpin-jumbo,2025-04-08
JUMBO,2025-03-31,2025-03-31,2025-04-07,8,cumulative,1331509,False,https://www.kompas.com/hype/read/2025/04/08/091334966/perolehan-sementara-penonton-film-lebaran-2025-pabrik-gula-memimpin-jumbo,2025-04-08
JUMBO,2025-03-31,2025-03-31,2025-04-10,11,cumulative,1858149,False,https://www.cnnindonesia.com/hiburan/20250410153809-220-1217492/box-office-10-hari-film-lebaran-2025-pabrik-gula-pertama-jumbo-kedua,2025-04-10
JUMBO,2025-03-31,2025-03-31,2025-04-14,15,cumulative,3528792,False,https://www.kompas.com/hype/read/2025/04/15/073428966/perolehan-sementara-film-film-lebaran-2025-jumbo-melesat-ke-3-juta-penonton,2025-04-15
QODRAT 2,2025-03-31,2025-03-31,2025-03-31,1,daily,72377,False,https://www.idntimes.com/hype/entertainment/jumlah-penonton-minggu-pertama-film-indonesia-lebaran-2025-00-19lfc-f2rdkk,2025-04-07
QODRAT 2,2025-03-31,2025-03-31,2025-04-06,7,cumulative,1090299,False,https://www.idntimes.com/hype/entertainment/jumlah-penonton-minggu-pertama-film-indonesia-lebaran-2025-00-19lfc-f2rdkk,2025-04-07
QODRAT 2,2025-03-31,2025-03-31,2025-04-07,8,daily,207797,False,https://www.kompas.com/hype/read/2025/04/08/091334966/perolehan-sementara-penonton-film-lebaran-2025-pabrik-gula-memimpin-jumbo,2025-04-08
QODRAT 2,2025-03-31,2025-03-31,2025-04-07,8,cumulative,1301462,False,https://www.kompas.com/hype/read/2025/04/08/091334966/perolehan-sementara-penonton-film-lebaran-2025-pabrik-gula-memimpin-jumbo,2025-04-08
QODRAT 2,2025-03-31,2025-03-31,2025-04-09,10,cumulative,1415568,False,https://www.cnnindonesia.com/hiburan/20250410153809-220-1217492/box-office-10-hari-film-lebaran-2025-pabrik-gula-pertama-jumbo-kedua,2025-04-10
QODRAT 2,2025-03-31,2025-03-31,2025-04-14,15,cumulative,1928633,False,https://www.kompas.com/hype/read/2025/04/15/073428966/perolehan-sementara-film-film-lebaran-2025-jumbo-melesat-ke-3-juta-penonton,2025-04-15
KOMANG,2025-03-31,2025-03-31,2025-03-31,1,daily,60218,False,https://www.idntimes.com/hype/entertainment/jumlah-penonton-minggu-pertama-film-indonesia-lebaran-2025-00-19lfc-f2rdkk,2025-04-07
KOMANG,2025-03-31,2025-03-31,2025-04-06,7,cumulative,801311,False,https://www.idntimes.com/hype/entertainment/jumlah-penonton-minggu-pertama-film-indonesia-lebaran-2025-00-19lfc-f2rdkk,2025-04-07
KOMANG,2025-03-31,2025-03-31,2025-04-07,8,daily,168960,False,https://www.kompas.com/hype/read/2025/04/08/091334966/perolehan-sementara-penonton-film-lebaran-2025-pabrik-gula-memimpin-jumbo,2025-04-08
KOMANG,2025-03-31,2025-03-31,2025-04-07,8,cumulative,926277,False,https://www.kompas.com/hype/read/2025/04/08/091334966/perolehan-sementara-penonton-film-lebaran-2025-pabrik-gula-memimpin-jumbo,2025-04-08
KOMANG,2025-03-31,2025-03-31,2025-04-10,11,cumulative,1288952,False,https://www.cnnindonesia.com/hiburan/20250410153809-220-1217492/box-office-10-hari-film-lebaran-2025-pabrik-gula-pertama-jumbo-kedua,2025-04-10
KOMANG,2025-03-31,2025-03-31,2025-04-14,15,cumulative,2045167,False,https://www.kompas.com/hype/read/2025/04/15/073428966/perolehan-sementara-film-film-lebaran-2025-jumbo-melesat-ke-3-juta-penonton,2025-04-15
NORMA: ANTARA MERTUA DAN MENANTU,2025-03-31,2025-03-31,2025-03-31,1,daily,29775,False,https://www.idntimes.com/hype/entertainment/jumlah-penonton-minggu-pertama-film-indonesia-lebaran-2025-00-19lfc-f2rdkk,2025-04-07
NORMA: ANTARA MERTUA DAN MENANTU,2025-03-31,2025-03-31,2025-04-06,7,cumulative,378886,False,https://www.idntimes.com/hype/entertainment/jumlah-penonton-minggu-pertama-film-indonesia-lebaran-2025-00-19lfc-f2rdkk,2025-04-07
NORMA: ANTARA MERTUA DAN MENANTU,2025-03-31,2025-03-31,2025-04-07,8,cumulative,455825,False,https://www.kompas.com/hype/read/2025/04/08/091334966/perolehan-sementara-penonton-film-lebaran-2025-pabrik-gula-memimpin-jumbo,2025-04-08
NORMA: ANTARA MERTUA DAN MENANTU,2025-03-31,2025-03-31,2025-04-10,11,cumulative,561000,True,https://www.cnnindonesia.com/hiburan/20250410153809-220-1217492/box-office-10-hari-film-lebaran-2025-pabrik-gula-pertama-jumbo-kedua,2025-04-10
NORMA: ANTARA MERTUA DAN MENANTU,2025-03-31,2025-03-31,2025-04-14,15,cumulative,662613,False,https://www.kompas.com/hype/read/2025/04/15/073428966/perolehan-sementara-film-film-lebaran-2025-jumbo-melesat-ke-3-juta-penonton,2025-04-15
BADARAWUHI DI DESA PENARI,2024-04-11,2024-04-10,2024-04-11,1,daily,344507,False,https://www.liputan6.com/showbiz/read/5571848/badarawuhi-di-desa-penari-raih-344507-penonton-di-hari-pertama-siksa-kubur-meneror-250-ribuan,2024-04-12
BADARAWUHI DI DESA PENARI,2024-04-11,2024-04-10,2024-04-13,3,cumulative,1031707,False,https://harian.disway.id/read/777493/adu-laris-film-siksa-kubur-dan-badarawuhi-di-desa-penari-tembus-2-juta-penonton-dalam-sepekan,2024-04-18
BADARAWUHI DI DESA PENARI,2024-04-11,2024-04-10,2024-04-16,6,cumulative,2000000,True,https://harian.disway.id/read/777493/adu-laris-film-siksa-kubur-dan-badarawuhi-di-desa-penari-tembus-2-juta-penonton-dalam-sepekan,2024-04-18
SIKSA KUBUR,2024-04-11,2024-04-10,2024-04-11,1,daily,257871,False,https://harian.disway.id/read/777493/adu-laris-film-siksa-kubur-dan-badarawuhi-di-desa-penari-tembus-2-juta-penonton-dalam-sepekan,2024-04-18
SIKSA KUBUR,2024-04-11,2024-04-10,2024-04-14,4,cumulative,1020981,False,https://harian.disway.id/read/777493/adu-laris-film-siksa-kubur-dan-badarawuhi-di-desa-penari-tembus-2-juta-penonton-dalam-sepekan,2024-04-18
SIKSA KUBUR,2024-04-11,2024-04-10,2024-04-17,7,cumulative,2003981,False,https://harian.disway.id/read/777493/adu-laris-film-siksa-kubur-dan-badarawuhi-di-desa-penari-tembus-2-juta-penonton-dalam-sepekan,2024-04-18
