date,ramadan_day,source,published
2026-02-18,1,Kalender Hijriah Global Tunggal (KHGT) Muhammadiyah,2025-06-25
2026-02-19,2,Kalender Hijriah Global Tunggal (KHGT) Muhammadiyah,2025-06-25
2026-02-20,3,Kalender Hijriah Global Tunggal (KHGT) Muhammadiyah,2025-06-25
2026-02-21,4,Kalender Hijriah Global Tunggal (KHGT) Muhammadiyah,2025-06-25
2026-02-22,5,Kalender Hijriah Global Tunggal (KHGT) Muhammadiyah,2025-06-25
2026-02-23,6,Kalender Hijriah Global Tunggal (KHGT) Muhammadiyah,2025-06-25
2026-02-24,7,Kalender Hijriah Global Tunggal (KHGT) Muhammadiyah,2025-06-25
2026-02-25,8,Kalender Hijriah Global Tunggal (KHGT) Muhammadiyah,2025-06-25
2026-02-26,9,Kalender Hijriah Global Tunggal (KHGT) Muhammadiyah,2025-06-25
2026-02-27,10,Kalender Hijriah Global Tunggal (KHGT) Muhammadiyah,2025-06-25
2026-02-28,11,Kalender Hijriah Global Tunggal (KHGT) Muhammadiyah,2025-06-25
2026-03-01,12,Kalender Hijriah Global Tunggal (KHGT) Muhammadiyah,2025-06-25
2026-03-02,13,Kalender Hijriah Global Tunggal (KHGT) Muhammadiyah,2025-06-25
2026-03-03,14,Kalender Hijriah Global Tunggal (KHGT) Muhammadiyah,2025-06-25
2026-03-04,15,Kalender Hijriah Global Tunggal (KHGT) Muhammadiyah,2025-06-25
2026-03-05,16,Kalender Hijriah Global Tunggal (KHGT) Muhammadiyah,2025-06-25
2026-03-06,17,Kalender Hijriah Global Tunggal (KHGT) Muhammadiyah,2025-06-25
2026-03-07,18,Kalender Hijriah Global Tunggal (KHGT) Muhammadiyah,2025-06-25
2026-03-08,19,Kalender Hijriah Global Tunggal (KHGT) Muhammadiyah,2025-06-25
2026-03-09,20,Kalender Hijriah Global Tunggal (KHGT) Muhammadiyah,2025-06-25
2026-03-10,21,Kalender Hijriah Global Tunggal (KHGT) Muhammadiyah,2025-06-25
2026-03-11,22,Kalender Hijriah Global Tunggal (KHGT) Muhammadiyah,2025-06-25
2026-03-12,23,Kalender Hijriah Global Tunggal (KHGT) Muhammadiyah,2025-06-25
2026-03-13,24,Kalender Hijriah Global Tunggal (KHGT) Muhammadiyah,2025-06-25
2026-03-14,25,Kalender Hijriah Global Tunggal (KHGT) Muhammadiyah,2025-06-25
2026-03-15,26,Kalender Hijriah Global Tunggal (KHGT) Muhammadiyah,2025-06-25
2026-03-16,27,Kalender Hijriah Global Tunggal (KHGT) Muhammadiyah,2025-06-25
2026-03-17,28,Kalender Hijriah Global Tunggal (KHGT) Muhammadiyah,2025-06-25
2026-03-18,29,Kalender Hijriah Global Tunggal (KHGT) Muhammadiyah,2025-06-25
2026-03-19,30,Kalender Hijriah Global Tunggal (KHGT) Muhammadiyah,2025-06-25
