date,region,period,source,published
2025-03-25,DKI Jakarta,Idulfitri 1446 H,Kalender Pendidikan DKI 2024/2025,2024
2025-03-26,DKI Jakarta,Idulfitri 1446 H,Kalender Pendidikan DKI 2024/2025,2024
2025-03-27,DKI Jakarta,Idulfitri 1446 H,Kalender Pendidikan DKI 2024/2025,2024
2025-03-28,DKI Jakarta,Idulfitri 1446 H,Kalender Pendidikan DKI 2024/2025,2024
2025-03-29,DKI Jakarta,Idulfitri 1446 H,Kalender Pendidikan DKI 2024/2025,2024
2025-03-30,DKI Jakarta,Idulfitri 1446 H,Kalender Pendidikan DKI 2024/2025,2024
2025-03-31,DKI Jakarta,Idulfitri 1446 H,Kalender Pendidikan DKI 2024/2025,2024
2025-04-01,DKI Jakarta,Idulfitri 1446 H,Kalender Pendidikan DKI 2024/2025,2024
2025-04-02,DKI Jakarta,Idulfitri 1446 H,Kalender Pendidikan DKI 2024/2025,2024
2025-04-03,DKI Jakarta,Idulfitri 1446 H,Kalender Pendidikan DKI 2024/2025,2024
2025-04-04,DKI Jakarta,Idulfitri 1446 H,Kalender Pendidikan DKI 2024/2025,2024
2025-04-05,DKI Jakarta,Idulfitri 1446 H,Kalender Pendidikan DKI 2024/2025,2024
2025-04-06,DKI Jakarta,Idulfitri 1446 H,Kalender Pendidikan DKI 2024/2025,2024
2025-04-07,DKI Jakarta,Idulfitri 1446 H,Kalender Pendidikan DKI 2024/2025,2024
2025-06-28,DKI Jakarta,Kenaikan kelas,Kalender Pendidikan DKI 2024/2025 dan 2025/2026,2025-07-11
2025-06-29,DKI Jakarta,Kenaikan kelas,Kalender Pendidikan DKI 2024/2025 dan 2025/2026,2025-07-11
2025-06-30,DKI Jakarta,Kenaikan kelas,Kalender Pendidikan DKI 2024/2025 dan 2025/2026,2025-07-11
2025-07-01,DKI Jakarta,Kenaikan kelas,Kalender Pendidikan DKI 2024/2025 dan 2025/2026,2025-07-11
2025-07-02,DKI Jakarta,Kenaikan kelas,Kalender Pendidikan DKI 2024/2025 dan 2025/2026,2025-07-11
2025-07-03,DKI Jakarta,Kenaikan kelas,Kalender Pendidikan DKI 2024/2025 dan 2025/2026,2025-07-11
2025-07-04,DKI Jakarta,Kenaikan kelas,Kalender Pendidikan DKI 2024/2025 dan 2025/2026,2025-07-11
2025-07-05,DKI Jakarta,Kenaikan kelas,Kalender Pendidikan DKI 2024/2025 dan 2025/2026,2025-07-11
2025-07-06,DKI Jakarta,Kenaikan kelas,Kalender Pendidikan DKI 2024/2025 dan 2025/2026,2025-07-11
2025-07-07,DKI Jakarta,Kenaikan kelas,Kalender Pendidikan DKI 2024/2025 dan 2025/2026,2025-07-11
2025-07-08,DKI Jakarta,Kenaikan kelas,Kalender Pendidikan DKI 2024/2025 dan 2025/2026,2025-07-11
2025-07-09,DKI Jakarta,Kenaikan kelas,Kalender Pendidikan DKI 2024/2025 dan 2025/2026,2025-07-11
2025-07-10,DKI Jakarta,Kenaikan kelas,Kalender Pendidikan DKI 2024/2025 dan 2025/2026,2025-07-11
2025-07-11,DKI Jakarta,Kenaikan kelas,Kalender Pendidikan DKI 2024/2025 dan 2025/2026,2025-07-11
2025-07-12,DKI Jakarta,Kenaikan kelas,Kalender Pendidikan DKI 2024/2025 dan 2025/2026,2025-07-11
2025-07-13,DKI Jakarta,Kenaikan kelas,Kalender Pendidikan DKI 2024/2025 dan 2025/2026,2025-07-11
2025-12-22,DKI Jakarta,Semester ganjil,Kepdis Pendidikan Jakarta No. 89 Tahun 2025,2025-07-11
2025-12-23,DKI Jakarta,Semester ganjil,Kepdis Pendidikan Jakarta No. 89 Tahun 2025,2025-07-11
2025-12-24,DKI Jakarta,Semester ganjil,Kepdis Pendidikan Jakarta No. 89 Tahun 2025,2025-07-11
2025-12-25,DKI Jakarta,Semester ganjil,Kepdis Pendidikan Jakarta No. 89 Tahun 2025,2025-07-11
2025-12-26,DKI Jakarta,Semester ganjil,Kepdis Pendidikan Jakarta No. 89 Tahun 2025,2025-07-11
2025-12-27,DKI Jakarta,Semester ganjil,Kepdis Pendidikan Jakarta No. 89 Tahun 2025,2025-07-11
2025-12-28,DKI Jakarta,Semester ganjil,Kepdis Pendidikan Jakarta No. 89 Tahun 2025,2025-07-11
2025-12-29,DKI Jakarta,Semester ganjil,Kepdis Pendidikan Jakarta No. 89 Tahun 2025,2025-07-11
2025-12-30,DKI Jakarta,Semester ganjil,Kepdis Pendidikan Jakarta No. 89 Tahun 2025,2025-07-11
2025-12-31,DKI Jakarta,Semester ganjil,Kepdis Pendidikan Jakarta No. 89 Tahun 2025,2025-07-11
2026-01-01,DKI Jakarta,Semester ganjil,Kepdis Pendidikan Jakarta No. 89 Tahun 2025,2025-07-11
2026-01-02,DKI Jakarta,Semester ganjil,Kepdis Pendidikan Jakarta No. 89 Tahun 2025,2025-07-11
2026-01-03,DKI Jakarta,Semester ganjil,Kepdis Pendidikan Jakarta No. 89 Tahun 2025,2025-07-11
2026-01-04,DKI Jakarta,Semester ganjil,Kepdis Pendidikan Jakarta No. 89 Tahun 2025,2025-07-11
2026-02-16,DKI Jakarta,Awal Ramadan,Kepdis Pendidikan Jakarta No. 89 Tahun 2025,2025-07-11
2026-02-17,DKI Jakarta,Awal Ramadan,Kepdis Pendidikan Jakarta No. 89 Tahun 2025,2025-07-11
2026-02-18,DKI Jakarta,Awal Ramadan,Kepdis Pendidikan Jakarta No. 89 Tahun 2025,2025-07-11
2026-02-19,DKI Jakarta,Awal Ramadan,Kepdis Pendidikan Jakarta No. 89 Tahun 2025,2025-07-11
2026-02-20,DKI Jakarta,Awal Ramadan,Kepdis Pendidikan Jakarta No. 89 Tahun 2025,2025-07-11
2026-03-16,DKI Jakarta,Idulfitri 1447 H,Kepdis Pendidikan Jakarta No. 89 Tahun 2025,2025-07-11
2026-03-17,DKI Jakarta,Idulfitri 1447 H,Kepdis Pendidikan Jakarta No. 89 Tahun 2025,2025-07-11
2026-03-18,DKI Jakarta,Idulfitri 1447 H,Kepdis Pendidikan Jakarta No. 89 Tahun 2025,2025-07-11
2026-03-19,DKI Jakarta,Idulfitri 1447 H,Kepdis Pendidikan Jakarta No. 89 Tahun 2025,2025-07-11
2026-03-20,DKI Jakarta,Idulfitri 1447 H,Kepdis Pendidikan Jakarta No. 89 Tahun 2025,2025-07-11
2026-03-21,DKI Jakarta,Idulfitri 1447 H,Kepdis Pendidikan Jakarta No. 89 Tahun 2025,2025-07-11
2026-03-22,DKI Jakarta,Idulfitri 1447 H,Kepdis Pendidikan Jakarta No. 89 Tahun 2025,2025-07-11
2026-03-23,DKI Jakarta,Idulfitri 1447 H,Kepdis Pendidikan Jakarta No. 89 Tahun 2025,2025-07-11
2026-03-24,DKI Jakarta,Idulfitri 1447 H,Kepdis Pendidikan Jakarta No. 89 Tahun 2025,2025-07-11
2026-03-25,DKI Jakarta,Idulfitri 1447 H,Kepdis Pendidikan Jakarta No. 89 Tahun 2025,2025-07-11
2026-03-26,DKI Jakarta,Idulfitri 1447 H,Kepdis Pendidikan Jakarta No. 89 Tahun 2025,2025-07-11
2026-03-27,DKI Jakarta,Idulfitri 1447 H,Kepdis Pendidikan Jakarta No. 89 Tahun 2025,2025-07-11
