film,release_date,season,date,days_since_release,metric,admissions,approx,source,published,note
BADARAWUHI DI DESA PENARI,2024-04-11,lebaran_2024,2024-04-11,0,cumulative,344507,0,https://www.liputan6.com/showbiz/read/5571848/badarawuhi-di-desa-penari-raih-344507-penonton-di-hari-pertama-siksa-kubur-meneror-250-ribuan,2024-04-12,opening day
BADARAWUHI DI DESA PENARI,2024-04-11,lebaran_2024,2024-04-13,2,cumulative,1031707,0,https://www.kompas.com/hype/read/2024/04/15/092809766/badarawuhi-di-desa-penari-dan-siksa-kubur-tembus-1-juta-penonton?page=all,2024-04-15,"producer, 3 days"
BADARAWUHI DI DESA PENARI,2024-04-11,lebaran_2024,2024-04-17,6,cumulative,2000000,1,https://www.jawapos.com/music-movie/014550893/film-siksa-kubur-dan-badarawuhi-di-desa-penari-tembus-2-juta-penonton,2024-04-18,'hari ke-6 sudah dua juta'
BADARAWUHI DI DESA PENARI,2024-04-11,lebaran_2024,2024-04-19,8,cumulative,2400000,1,https://www.cnnindonesia.com/hiburan/20240422153317-220-1089067/11-hari-tayang-siksa-kubur-cetak-3-juta-penonton,2024-04-22,announced Fri 19 Apr
BADARAWUHI DI DESA PENARI,2024-04-11,lebaran_2024,2024-04-22,11,cumulative,3025352,0,https://www.cnnindonesia.com/hiburan/20240423121500-220-1089394/badarawuhi-tembus-3-juta-usai-tayang-12-hari,2024-04-23,'hingga Senin (22/4) atau 12 hari'
BADARAWUHI DI DESA PENARI,2024-04-11,lebaran_2024,2024-04-26,15,cumulative,3235964,0,https://momsmoney.kontan.co.id/news/hingga-hari-ke-15-film-badarawuhi-di-desa-penari-capai-32-juta-penonton,2024-04-26,hari ke-15
SIKSA KUBUR,2024-04-11,lebaran_2024,2024-04-11,0,cumulative,250000,1,https://www.liputan6.com/showbiz/read/5571848/badarawuhi-di-desa-penari-raih-344507-penonton-di-hari-pertama-siksa-kubur-meneror-250-ribuan,2024-04-12,"'250 ribuan' opening day (other outlets cite 257,871)"
SIKSA KUBUR,2024-04-11,lebaran_2024,2024-04-14,3,cumulative,1020981,0,https://www.kompas.com/hype/read/2024/04/15/092809766/badarawuhi-di-desa-penari-dan-siksa-kubur-tembus-1-juta-penonton?page=all,2024-04-15,4 days
SIKSA KUBUR,2024-04-11,lebaran_2024,2024-04-17,6,cumulative,2003981,0,https://www.jawapos.com/music-movie/014550893/film-siksa-kubur-dan-badarawuhi-di-desa-penari-tembus-2-juta-penonton,2024-04-18,"Wed 17 Apr, day 7 of run"
SIKSA KUBUR,2024-04-11,lebaran_2024,2024-04-20,9,cumulative,2500000,1,https://www.cnnindonesia.com/hiburan/20240422153317-220-1089067/11-hari-tayang-siksa-kubur-cetak-3-juta-penonton,2024-04-22,"'2,5 juta pada Sabtu (20/4)' (announcement date; may be prior-day close)"
SIKSA KUBUR,2024-04-11,lebaran_2024,2024-04-21,10,cumulative,2700000,1,https://www.cnnindonesia.com/hiburan/20240422153317-220-1089067/11-hari-tayang-siksa-kubur-cetak-3-juta-penonton,2024-04-22,"'2,7 juta pada Minggu (21/4)' (announcement date)"
SIKSA KUBUR,2024-04-11,lebaran_2024,2024-04-21,10,cumulative,3007911,0,https://www.cnnindonesia.com/hiburan/20240422153317-220-1089067/11-hari-tayang-siksa-kubur-cetak-3-juta-penonton,2024-04-22,'sampai dengan hari ke-11' (announced Mon 22 Apr); conflicts slightly with 2.7M on 21 Apr
JUMBO,2025-03-31,lebaran_2025,2025-03-31,0,cumulative,60458,0,https://idntimes.com/hype/entertainment/erfah-nanda-2/jumlah-penonton-minggu-pertama-film-indonesia-lebaran-2025,2025-04-07,opening day; Cinepoint
JUMBO,2025-03-31,lebaran_2025,2025-03-31,0,daily,60000,1,https://www.liputan6.com/showbiz/read/6005551/film-animasi-jumbo-pecah-rekor-momen-kebangkitan-sinema-anak-indonesia,2025-04-26,'hari pertama 60 ribuan'
JUMBO,2025-03-31,lebaran_2025,2025-04-02,2,cumulative,255084,0,https://www.cnnindonesia.com/hiburan/20250408102708-220-1216683/media-asing-ikut-soroti-rekor-penonton-jumbo,2025-04-08,day 3 of run
JUMBO,2025-03-31,lebaran_2025,2025-04-02,2,daily,100000,1,https://www.liputan6.com/showbiz/read/6005551/film-animasi-jumbo-pecah-rekor-momen-kebangkitan-sinema-anak-indonesia,2025-04-26,'hari ketiga tembus 100 ribuan'
JUMBO,2025-03-31,lebaran_2025,2025-04-03,3,cumulative,409190,0,https://www.cnnindonesia.com/hiburan/20250408102708-220-1216683/media-asing-ikut-soroti-rekor-penonton-jumbo,2025-04-08,day 4 of run; same number in kompas 2025-04-05
JUMBO,2025-03-31,lebaran_2025,2025-04-05,5,cumulative,775502,0,https://www.cnnindonesia.com/hiburan/20250408102708-220-1216683/media-asing-ikut-soroti-rekor-penonton-jumbo,2025-04-08,day 6 of run
JUMBO,2025-03-31,lebaran_2025,2025-04-05,5,daily,200000,1,https://www.liputan6.com/showbiz/read/6005551/film-animasi-jumbo-pecah-rekor-momen-kebangkitan-sinema-anak-indonesia,2025-04-26,'hari keenam 200 ribuan penonton sehari'
JUMBO,2025-03-31,lebaran_2025,2025-04-06,6,cumulative,1005252,0,https://www.tribunnews.com/seleb/2025/04/07/tembus-1-juta-penonton-dalam-7-hari-jumbo-jadi-film-animasi-indonesia-terlaris,2025-04-07,"day 7 of run; consistent with kompas 8 Apr (1,331,509 minus 326,257)"
JUMBO,2025-03-31,lebaran_2025,2025-04-07,7,cumulative,1331509,0,https://www.kompas.com/hype/read/2025/04/08/091334966/perolehan-sementara-penonton-film-lebaran-2025-pabrik-gula-memimpin-jumbo?page=all,2025-04-08,Cinepoint
JUMBO,2025-03-31,lebaran_2025,2025-04-07,7,daily,326257,0,https://www.kompas.com/hype/read/2025/04/08/091334966/perolehan-sementara-penonton-film-lebaran-2025-pabrik-gula-memimpin-jumbo?page=all,2025-04-08,daily addition 7 Apr; word-of-mouth growth film (atypical)
JUMBO,2025-03-31,lebaran_2025,2025-04-10,10,cumulative,1858149,0,https://www.cnnindonesia.com/hiburan/20250410153809-220-1217492/box-office-10-hari-film-lebaran-2025-pabrik-gula-pertama-jumbo-kedua,2025-04-10,'per Kamis (10/4)'; may be through 9 Apr
JUMBO,2025-03-31,lebaran_2025,2025-04-12,12,daily,430000,1,https://www.liputan6.com/showbiz/read/6005551/film-animasi-jumbo-pecah-rekor-momen-kebangkitan-sinema-anak-indonesia,2025-04-26,'hari ke-13 430 ribuan'
JUMBO,2025-03-31,lebaran_2025,2025-04-13,13,cumulative,3000000,1,https://www.liputan6.com/showbiz/read/6005551/film-animasi-jumbo-pecah-rekor-momen-kebangkitan-sinema-anak-indonesia,2025-04-26,milestone date
JUMBO,2025-03-31,lebaran_2025,2025-04-14,14,cumulative,3528792,0,https://www.kompas.com/hype/read/2025/04/15/073428966/perolehan-sementara-film-film-lebaran-2025-jumbo-melesat-ke-3-juta-penonton,2025-04-15,Cinepoint as of 14 Apr; gaining screens
JUMBO,2025-03-31,lebaran_2025,2025-04-16,16,cumulative,4000000,1,https://www.liputan6.com/showbiz/read/6005551/film-animasi-jumbo-pecah-rekor-momen-kebangkitan-sinema-anak-indonesia,2025-04-26,milestone date
JUMBO,2025-03-31,lebaran_2025,2025-04-18,18,daily,556000,1,https://www.liputan6.com/showbiz/read/6005551/film-animasi-jumbo-pecah-rekor-momen-kebangkitan-sinema-anak-indonesia,2025-04-26,Good Friday holiday
JUMBO,2025-03-31,lebaran_2025,2025-04-19,19,cumulative,5000000,1,https://www.liputan6.com/showbiz/read/6005551/film-animasi-jumbo-pecah-rekor-momen-kebangkitan-sinema-anak-indonesia,2025-04-26,milestone date
JUMBO,2025-03-31,lebaran_2025,2025-04-19,19,daily,520000,1,https://www.liputan6.com/showbiz/read/6005551/film-animasi-jumbo-pecah-rekor-momen-kebangkitan-sinema-anak-indonesia,2025-04-26,Saturday
JUMBO,2025-03-31,lebaran_2025,2025-04-21,21,cumulative,6131243,0,https://www.kompas.com/hype/read/2025/04/22/082839766/perolehan-sementara-penonton-film-lebaran-2025-jumbo-geser-pabrik-gula,2025-04-22,as of article (likely through 21 Apr)
KOMANG,2025-03-31,lebaran_2025,2025-03-31,0,cumulative,60218,0,https://idntimes.com/hype/entertainment/erfah-nanda-2/jumlah-penonton-minggu-pertama-film-indonesia-lebaran-2025,2025-04-07,opening day; Cinepoint
KOMANG,2025-03-31,lebaran_2025,2025-04-06,6,cumulative,801311,0,https://idntimes.com/hype/entertainment/erfah-nanda-2/jumlah-penonton-minggu-pertama-film-indonesia-lebaran-2025,2025-04-07,"day 7 per IDN; kompas-implied value for 6 Apr is 757,317 (926,277 minus 168,960), so treat as noisy"
KOMANG,2025-03-31,lebaran_2025,2025-04-07,7,cumulative,926277,0,https://www.kompas.com/hype/read/2025/04/08/091334966/perolehan-sementara-penonton-film-lebaran-2025-pabrik-gula-memimpin-jumbo?page=all,2025-04-08,Cinepoint
KOMANG,2025-03-31,lebaran_2025,2025-04-07,7,daily,168960,0,https://www.kompas.com/hype/read/2025/04/08/091334966/perolehan-sementara-penonton-film-lebaran-2025-pabrik-gula-memimpin-jumbo?page=all,2025-04-08,daily addition 7 Apr
KOMANG,2025-03-31,lebaran_2025,2025-04-09,9,cumulative,1288952,0,https://www.cnnindonesia.com/hiburan/20250410153809-220-1217492/box-office-10-hari-film-lebaran-2025-pabrik-gula-pertama-jumbo-kedua,2025-04-10,Cinepoint
KOMANG,2025-03-31,lebaran_2025,2025-04-14,14,cumulative,2045167,0,https://www.kompas.com/hype/read/2025/04/15/073428966/perolehan-sementara-film-film-lebaran-2025-jumbo-melesat-ke-3-juta-penonton,2025-04-15,Cinepoint as of 14 Apr
KOMANG,2025-03-31,lebaran_2025,2025-04-21,21,cumulative,2667601,0,https://www.kompas.com/hype/read/2025/04/22/082839766/perolehan-sementara-penonton-film-lebaran-2025-jumbo-geser-pabrik-gula,2025-04-22,as of article (likely through 21 Apr)
NORMA: ANTARA MERTUA DAN MENANTU,2025-03-31,lebaran_2025,2025-03-31,0,cumulative,29775,0,https://idntimes.com/hype/entertainment/erfah-nanda-2/jumlah-penonton-minggu-pertama-film-indonesia-lebaran-2025,2025-04-07,opening day; Cinepoint
NORMA: ANTARA MERTUA DAN MENANTU,2025-03-31,lebaran_2025,2025-04-02,2,cumulative,120000,1,https://www.tabloidbintang.com/film-tv-musik/204188-3-hari-tayang-film-norma-antara-mertua-dan-menantu-serap-120-ribu-lebih-penonton,2025-04-03,producer 'hingga malam ini 120.000+'
NORMA: ANTARA MERTUA DAN MENANTU,2025-03-31,lebaran_2025,2025-04-02,2,daily,60000,1,https://www.tabloidbintang.com/film-tv-musik/204212-film-norma-antara-mertua-dan-menantu-mendekati-200-ribu-penonton-tertinggal-dari-4-judul-lainnya,2025-04-04,'hari ke-3 meraup 60 ribu lebih'
NORMA: ANTARA MERTUA DAN MENANTU,2025-03-31,lebaran_2025,2025-04-03,3,cumulative,190000,1,https://www.tabloidbintang.com/film-tv-musik/204212-film-norma-antara-mertua-dan-menantu-mendekati-200-ribu-penonton-tertinggal-dari-4-judul-lainnya,2025-04-04,producer '190.000+' Thursday evening
NORMA: ANTARA MERTUA DAN MENANTU,2025-03-31,lebaran_2025,2025-04-03,3,daily,70000,1,https://www.tabloidbintang.com/film-tv-musik/204212-film-norma-antara-mertua-dan-menantu-mendekati-200-ribu-penonton-tertinggal-dari-4-judul-lainnya,2025-04-04,'hari ke-4 menyerap 70 ribu lebih'
NORMA: ANTARA MERTUA DAN MENANTU,2025-03-31,lebaran_2025,2025-04-06,6,cumulative,378886,0,https://idntimes.com/hype/entertainment/erfah-nanda-2/jumlah-penonton-minggu-pertama-film-indonesia-lebaran-2025,2025-04-07,day 7 of run
NORMA: ANTARA MERTUA DAN MENANTU,2025-03-31,lebaran_2025,2025-04-07,7,cumulative,455825,0,https://www.kompas.com/hype/read/2025/04/08/091334966/perolehan-sementara-penonton-film-lebaran-2025-pabrik-gula-memimpin-jumbo?page=all,2025-04-08,Cinepoint
NORMA: ANTARA MERTUA DAN MENANTU,2025-03-31,lebaran_2025,2025-04-08,8,cumulative,500000,1,https://www.tabloidbintang.com/film-tv-musik/204324-setelah-9-hari-film-norma-antara-mertua-dan-menantu-baru-raih-500-ribu-penonton,2025-04-08,producer 'hingga sore ini 500.000++'
NORMA: ANTARA MERTUA DAN MENANTU,2025-03-31,lebaran_2025,2025-04-09,9,cumulative,561000,1,https://www.cnnindonesia.com/hiburan/20250410153809-220-1217492/box-office-10-hari-film-lebaran-2025-pabrik-gula-pertama-jumbo-kedua,2025-04-10,'sekitar 561 ribu'
NORMA: ANTARA MERTUA DAN MENANTU,2025-03-31,lebaran_2025,2025-04-14,14,cumulative,662613,0,https://www.kompas.com/hype/read/2025/04/15/073428966/perolehan-sementara-film-film-lebaran-2025-jumbo-melesat-ke-3-juta-penonton,2025-04-15,Cinepoint as of 14 Apr
PABRIK GULA,2025-03-31,lebaran_2025,2025-03-31,0,cumulative,203799,0,https://idntimes.com/hype/entertainment/erfah-nanda-2/jumlah-penonton-minggu-pertama-film-indonesia-lebaran-2025,2025-04-07,opening day; Cinepoint via IDN Times
PABRIK GULA,2025-03-31,lebaran_2025,2025-04-01,1,cumulative,500000,1,https://www.cnnindonesia.com/hiburan/20250402132612-220-1215290/pabrik-gula-terus-melesat-cetak-500000-penonton-dalam-2-hari,2025-04-02,'500.000 penonton dalam 2 hari'
PABRIK GULA,2025-03-31,lebaran_2025,2025-04-03,3,cumulative,1000000,1,https://www.kompas.com/hype/read/2025/04/03/173852466/film-pabrik-gula-raih-1-juta-penonton-di-hari-ketiga-penayangan,2025-04-03,MD Pictures 'hingga siang ini 1.000.000+' (partial day 4 of run); CNN headline says after 4 days
PABRIK GULA,2025-03-31,lebaran_2025,2025-04-04,4,cumulative,1651577,0,https://www.kompas.com/hype/read/2025/04/05/130609966/perolehan-sementara-jumlah-penonton-film-indonesia-yang-tayang-lebaran,2025-04-05,day 5 of run
PABRIK GULA,2025-03-31,lebaran_2025,2025-04-06,6,cumulative,2281222,0,https://idntimes.com/hype/entertainment/erfah-nanda-2/jumlah-penonton-minggu-pertama-film-indonesia-lebaran-2025,2025-04-07,day 7 of run; Cinepoint
PABRIK GULA,2025-03-31,lebaran_2025,2025-04-07,7,cumulative,2597861,0,https://www.kompas.com/hype/read/2025/04/08/091334966/perolehan-sementara-penonton-film-lebaran-2025-pabrik-gula-memimpin-jumbo?page=all,2025-04-08,"Cinepoint, as of Mon 7 Apr (last cuti bersama day)"
PABRIK GULA,2025-03-31,lebaran_2025,2025-04-07,7,daily,311192,0,https://www.kompas.com/hype/read/2025/04/08/091334966/perolehan-sementara-penonton-film-lebaran-2025-pabrik-gula-memimpin-jumbo?page=all,2025-04-08,daily addition on 7 Apr; Cinepoint
PABRIK GULA,2025-03-31,lebaran_2025,2025-04-09,9,cumulative,3181792,0,https://www.cnnindonesia.com/hiburan/20250410153809-220-1217492/box-office-10-hari-film-lebaran-2025-pabrik-gula-pertama-jumbo-kedua,2025-04-10,Cinepoint per 9 Apr; article notes declining trend after peak on 2 Apr
PABRIK GULA,2025-03-31,lebaran_2025,2025-04-14,14,cumulative,4028427,0,https://www.kompas.com/hype/read/2025/04/15/073428966/perolehan-sementara-film-film-lebaran-2025-jumbo-melesat-ke-3-juta-penonton,2025-04-15,Cinepoint as of 14 Apr; losing screens
PABRIK GULA,2025-03-31,lebaran_2025,2025-04-21,21,cumulative,4513502,0,https://www.kompas.com/hype/read/2025/04/22/082839766/perolehan-sementara-penonton-film-lebaran-2025-jumbo-geser-pabrik-gula,2025-04-22,as of article (likely through 21 Apr)
QODRAT 2,2025-03-31,lebaran_2025,2025-03-31,0,cumulative,72377,0,https://idntimes.com/hype/entertainment/erfah-nanda-2/jumlah-penonton-minggu-pertama-film-indonesia-lebaran-2025,2025-04-07,opening day; Cinepoint
QODRAT 2,2025-03-31,lebaran_2025,2025-04-03,3,cumulative,500352,0,https://www.kompas.com/hype/read/2025/04/05/130609966/perolehan-sementara-jumlah-penonton-film-indonesia-yang-tayang-lebaran,2025-04-05,day 4 of run
QODRAT 2,2025-03-31,lebaran_2025,2025-04-06,6,cumulative,1090299,0,https://idntimes.com/hype/entertainment/erfah-nanda-2/jumlah-penonton-minggu-pertama-film-indonesia-lebaran-2025,2025-04-07,day 7 of run
QODRAT 2,2025-03-31,lebaran_2025,2025-04-07,7,cumulative,1301462,0,https://www.kompas.com/hype/read/2025/04/08/091334966/perolehan-sementara-penonton-film-lebaran-2025-pabrik-gula-memimpin-jumbo?page=all,2025-04-08,Cinepoint
QODRAT 2,2025-03-31,lebaran_2025,2025-04-07,7,daily,207797,0,https://www.kompas.com/hype/read/2025/04/08/091334966/perolehan-sementara-penonton-film-lebaran-2025-pabrik-gula-memimpin-jumbo?page=all,2025-04-08,daily addition 7 Apr
QODRAT 2,2025-03-31,lebaran_2025,2025-04-09,9,cumulative,1415568,0,https://www.cnnindonesia.com/hiburan/20250410153809-220-1217492/box-office-10-hari-film-lebaran-2025-pabrik-gula-pertama-jumbo-kedua,2025-04-10,Cinepoint per 9 Apr
QODRAT 2,2025-03-31,lebaran_2025,2025-04-14,14,cumulative,1928633,0,https://www.kompas.com/hype/read/2025/04/15/073428966/perolehan-sementara-film-film-lebaran-2025-jumbo-melesat-ke-3-juta-penonton,2025-04-15,Cinepoint as of 14 Apr
1 IMAM 2 MAKMUM,2025-01-16,other,2025-01-17,1,cumulative,80000,1,https://www.tabloidbintang.com/film-tv-musik/202304-2-hari-tayang-film-pengantin-setan-unggul-puluhan-ribu-penonton-atas-1-imam-2-makmum,2025-01-19,Cinepoint '80 ribu lebih' after 2 days
1 KAKAK 7 PONAKAN,2025-01-23,other,2025-01-26,3,daily,73739,0,https://www.tabloidbintang.com/film-tv-musik/202545-hari-ke-5-raup-100-ribu-penonton-film-1-kakak-7-ponakan-segera-samai-capaian-pengantin-setan,2025-01-28,hari ke-4 (Sunday)
1 KAKAK 7 PONAKAN,2025-01-23,other,2025-01-27,4,cumulative,322125,0,https://www.tabloidbintang.com/film-tv-musik/202545-hari-ke-5-raup-100-ribu-penonton-film-1-kakak-7-ponakan-segera-samai-capaian-pengantin-setan,2025-01-28,"hari ke-5 (Isra Miraj holiday, long weekend to Imlek 29 Jan)"
1 KAKAK 7 PONAKAN,2025-01-23,other,2025-01-27,4,daily,100497,0,https://www.tabloidbintang.com/film-tv-musik/202545-hari-ke-5-raup-100-ribu-penonton-film-1-kakak-7-ponakan-segera-samai-capaian-pengantin-setan,2025-01-28,holiday Monday
1 KAKAK 7 PONAKAN,2025-01-23,other,2025-01-28,5,cumulative,417428,0,https://www.tabloidbintang.com/film-tv-musik/202561-hari-ke-6-serap-95-ribu-penonton-film-1-kakak-7-ponakan-makin-dekati-500-ribu-orang,2025-01-29,hari ke-6 (cuti bersama Imlek)
1 KAKAK 7 PONAKAN,2025-01-23,other,2025-01-28,5,daily,95303,0,https://www.tabloidbintang.com/film-tv-musik/202561-hari-ke-6-serap-95-ribu-penonton-film-1-kakak-7-ponakan-makin-dekati-500-ribu-orang,2025-01-29,
1 KAKAK 7 PONAKAN,2025-01-23,other,2025-01-29,6,cumulative,501009,0,https://www.tabloidbintang.com/film-tv-musik/202580-7-hari-tayang-film-1-kakak-7-ponakan-berhasil-lampaui-500-ribu-penonton,2025-01-30,hari ke-7 (Imlek)
1 KAKAK 7 PONAKAN,2025-01-23,other,2025-01-29,6,daily,83000,1,https://www.tabloidbintang.com/film-tv-musik/202580-7-hari-tayang-film-1-kakak-7-ponakan-berhasil-lampaui-500-ribu-penonton,2025-01-30,'83 ribu lebih'
1 KAKAK 7 PONAKAN,2025-01-23,other,2025-02-02,10,cumulative,741000,1,https://www.tabloidbintang.com/film-tv-musik/202687-film-pengantin-setan-lampaui-800-ribu-penonton-1-kakak-7-ponakan-salip-almarhum,2025-02-03,'741 ribu lebih'
1 KAKAK 7 PONAKAN,2025-01-23,other,2025-02-04,12,cumulative,833818,0,https://www.tabloidbintang.com/film-tv-musik/202741-lampaui-pengantin-setan-film-1-kakak-7-ponakan-menuju-1-juta-penonton,2025-02-05,hari ke-13; 'rerata 64 ribu lebih per hari'
1 KAKAK 7 PONAKAN,2025-01-23,other,2025-02-06,14,cumulative,915365,0,https://www.cnnindonesia.com/hiburan/20250210080307-220-1196392/film-1-kakak-7-ponakan-tembus-1-juta-penonton-dalam-17-hari,2025-02-10,'after 15 days' (date approx)
1 KAKAK 7 PONAKAN,2025-01-23,other,2025-02-08,16,cumulative,1000000,1,https://www.cnnindonesia.com/hiburan/20250210080307-220-1196392/film-1-kakak-7-ponakan-tembus-1-juta-penonton-dalam-17-hari,2025-02-10,17 days
1 KAKAK 7 PONAKAN,2025-01-23,other,2025-02-16,24,cumulative,1190000,1,https://www.tabloidbintang.com/film-tv-musik/203054-film-iqbaal-ramadhan-perayaan-mati-rasa-lampaui-perolehan-penonton-1-kakak-7-ponakan,2025-02-17,"'1,19 [juta] lebih' as of article"
1 KAKAK 7 PONAKAN,2025-01-23,other,2025-03-04,40,cumulative,1260000,1,https://www.tabloidbintang.com/film-tv-musik/203451-3-film-indonesia-2025-dengan-penonton-terbanyak-hingga-awal-maret,2025-03-05,"filmindonesia.or.id data '1,26 juta lebih' (weekly-updated source, may lag)"
AGAK LAEN,2024-02-01,other,2024-03-09,37,cumulative,8631027,0,https://www.tabloidbintang.com/film-tv-musik/193925-agak-laen-dapat-tambahan-425-ribu-penonton-dalam-6-hari-masih-bisa-kejar-kkn-di-desa-penari,2024-03-10,hari ke-38; +425 ribu in last 6 days (about 70k/day) vs up to 500k/day at peak; days before Ramadan 2024
BILA ESOK IBU TIADA,2024-11-14,other,2024-11-14,0,cumulative,301599,0,https://www.cnnindonesia.com/hiburan/20241118161716-220-1167934/bila-esok-ibu-tiada-tembus-12-juta-penonton-dalam-4-hari,2024-11-18,Leo Pictures; run continues into Christmas
BILA ESOK IBU TIADA,2024-11-14,other,2024-11-15,1,cumulative,570577,0,https://www.cnnindonesia.com/hiburan/20241118161716-220-1167934/bila-esok-ibu-tiada-tembus-12-juta-penonton-dalam-4-hari,2024-11-18,
BILA ESOK IBU TIADA,2024-11-14,other,2024-11-16,2,cumulative,890167,0,https://www.cnnindonesia.com/hiburan/20241118161716-220-1167934/bila-esok-ibu-tiada-tembus-12-juta-penonton-dalam-4-hari,2024-11-18,
BILA ESOK IBU TIADA,2024-11-14,other,2024-11-17,3,cumulative,1206689,0,https://www.cnnindonesia.com/hiburan/20241118161716-220-1167934/bila-esok-ibu-tiada-tembus-12-juta-penonton-dalam-4-hari,2024-11-18,
BILA ESOK IBU TIADA,2024-11-14,other,2024-12-01,17,cumulative,3156727,0,https://www.liputan6.com/showbiz/read/5815542/bila-esok-ibu-tiada-tembus-3-juta-penonton-setelah-17-hari-baim-wong-singgung-cinta-dan-kesabaran,2024-12-02,"producer; Cinepoint week 25 Nov-1 Dec = 818 ribu (tabloidbintang 2024-12-02 says 3,25 juta lebih at hari ke-18)"
BILA ESOK IBU TIADA,2024-11-14,other,2024-12-04,20,cumulative,3400000,1,https://www.tabloidbintang.com/film-tv-musik/201160-ngenes-3-film-baru-indonesia-yang-edar-pekan-lalu-sepi-penonton,2024-12-05,"'hingga pekan ke-3 3,4 juta'"
EXHUMA,2024-02-28,other,2024-03-02,3,cumulative,100000,1,https://www.cnnindonesia.com/hiburan/20240307172806-220-1071757/exhuma-bersiap-geser-capaian-parasite-di-box-office-indonesia,2024-03-07,foreign (Korea); limited release then expanding screens; ramadan_2024 overlap from 12 Mar
EXHUMA,2024-02-28,other,2024-03-04,5,cumulative,300000,1,https://www.cnnindonesia.com/hiburan/20240307172806-220-1071757/exhuma-bersiap-geser-capaian-parasite-di-box-office-indonesia,2024-03-07,expanded to 140 cinemas
EXHUMA,2024-02-28,other,2024-03-05,6,cumulative,400000,1,https://www.cnnindonesia.com/hiburan/20240307172806-220-1071757/exhuma-bersiap-geser-capaian-parasite-di-box-office-indonesia,2024-03-07,added XXI chain
EXHUMA,2024-02-28,other,2024-03-06,7,cumulative,500000,1,https://www.cnnindonesia.com/hiburan/20240307172806-220-1071757/exhuma-bersiap-geser-capaian-parasite-di-box-office-indonesia,2024-03-07,
EXHUMA,2024-02-28,other,2024-03-07,8,cumulative,600000,1,https://www.cnnindonesia.com/hiburan/20240307172806-220-1071757/exhuma-bersiap-geser-capaian-parasite-di-box-office-indonesia,2024-03-07,
EXHUMA,2024-02-28,other,2024-03-08,9,cumulative,700000,1,https://www.cnnindonesia.com/hiburan/20240308225910-220-1072414/daftar-terbaru-5-film-korea-terlaris-di-indonesia-exhuma,2024-03-09,'lebih dari 700 ribu dalam 10 hari'; 'stabil sekitar 100 ribu per hari'
EXHUMA,2024-02-28,other,2024-03-10,11,cumulative,1000000,1,https://www.cnnindonesia.com/hiburan/20240321124038-220-1077128/exhuma-tembus-2-juta-penonton-usai-tayang-23-hari-di-indonesia,2024-03-21,Sunday 10 Mar
EXHUMA,2024-02-28,other,2024-03-11,12,daily,200000,1,https://www.cnnindonesia.com/hiburan/20240321124038-220-1077128/exhuma-tembus-2-juta-penonton-usai-tayang-23-hari-di-indonesia,2024-03-21,"peak day, Nyepi holiday, eve of Ramadan"
EXHUMA,2024-02-28,other,2024-03-21,22,cumulative,2000000,1,https://www.cnnindonesia.com/hiburan/20240321124038-220-1077128/exhuma-tembus-2-juta-penonton-usai-tayang-23-hari-di-indonesia,2024-03-21,ramadan_2024: about 1M added 11-21 Mar (about 90k/day) during first 10 days of Ramadan
HOME SWEET LOAN,2024-09-26,other,2024-10-05,9,cumulative,1000000,1,https://www.cnnindonesia.com/hiburan/20241016131459-220-1155957/home-sweet-loan-tembus-15-juta-penonton-usai-20-hari-tayang,2024-10-16,'satu juta nyaris 10 hari yang lalu' (approx date)
HOME SWEET LOAN,2024-09-26,other,2024-10-15,19,cumulative,1500000,1,https://www.cnnindonesia.com/hiburan/20241016131459-220-1155957/home-sweet-loan-tembus-15-juta-penonton-usai-20-hari-tayang,2024-10-16,20 days
KUASA GELAP,2024-10-03,other,2024-10-03,0,cumulative,82000,1,https://www.cnnindonesia.com/hiburan/20241013174623-220-1154877/kuasa-gelap-tembus-lebih-dari-1-juta-penonton-dalam-10-hari,2024-10-14,Paragon Pictures; Oct 2024
KUASA GELAP,2024-10-03,other,2024-10-04,1,cumulative,182000,1,https://www.cnnindonesia.com/hiburan/20241013174623-220-1154877/kuasa-gelap-tembus-lebih-dari-1-juta-penonton-dalam-10-hari,2024-10-14,
KUASA GELAP,2024-10-03,other,2024-10-05,2,cumulative,325700,1,https://www.cnnindonesia.com/hiburan/20241013174623-220-1154877/kuasa-gelap-tembus-lebih-dari-1-juta-penonton-dalam-10-hari,2024-10-14,
KUASA GELAP,2024-10-03,other,2024-10-06,3,cumulative,500000,1,https://www.cnnindonesia.com/hiburan/20241007155319-220-1152555/kuasa-gelap-mampu-tembus-500-ribu-penonton-dalam-4-hari,2024-10-07,4 days
KUASA GELAP,2024-10-03,other,2024-10-06,3,daily,174200,1,https://www.cnnindonesia.com/hiburan/20241013174623-220-1154877/kuasa-gelap-tembus-lebih-dari-1-juta-penonton-dalam-10-hari,2024-10-14,Sunday
KUASA GELAP,2024-10-03,other,2024-10-12,9,cumulative,1000000,1,https://www.cnnindonesia.com/hiburan/20241013174623-220-1154877/kuasa-gelap-tembus-lebih-dari-1-juta-penonton-dalam-10-hari,2024-10-14,'dalam 10 hari'
KUYANG: SEKUTU IBLIS YANG MENGINTAI,2024-03-07,other,2024-03-07,0,cumulative,40000,1,https://www.tabloidbintang.com/film-tv-musik/193902-perolehan-penonton-hari-pertama-kuyang-ungguli-2-film-baru-indonesia-lain,2024-03-09,opening day; Ramadan 2024 started 12 Mar
KUYANG: SEKUTU IBLIS YANG MENGINTAI,2024-03-07,other,2024-03-09,2,cumulative,100000,1,https://www.tabloidbintang.com/film-tv-musik/193925-agak-laen-dapat-tambahan-425-ribu-penonton-dalam-6-hari-masih-bisa-kejar-kkn-di-desa-penari,2024-03-10,'hingga hari ke-3 lebih dari 100 ribu'
PENGANTIN SETAN,2025-01-16,other,2025-01-17,1,cumulative,105999,0,https://www.tabloidbintang.com/film-tv-musik/202304-2-hari-tayang-film-pengantin-setan-unggul-puluhan-ribu-penonton-atas-1-imam-2-makmum,2025-01-19,"MVP Pictures, 2 days; Jan 2025"
PENGANTIN SETAN,2025-01-16,other,2025-01-21,5,cumulative,333751,0,https://www.tabloidbintang.com/film-tv-musik/202397-6-hari-tayang-film-pengantin-setan-sukses-teror-300-ribu-lebih-penonton,2025-01-22,hari ke-6
PENGANTIN SETAN,2025-01-16,other,2025-01-21,5,daily,57000,1,https://www.tabloidbintang.com/film-tv-musik/202397-6-hari-tayang-film-pengantin-setan-sukses-teror-300-ribu-lebih-penonton,2025-01-22,'tambahan 57 ribu lebih' on Tue 21 Jan
PENGANTIN SETAN,2025-01-16,other,2025-02-02,17,cumulative,800075,0,https://www.tabloidbintang.com/film-tv-musik/202687-film-pengantin-setan-lampaui-800-ribu-penonton-1-kakak-7-ponakan-salip-almarhum,2025-02-03,"hari ke-18; +58,275 in last 3 days"
PENGANTIN SETAN,2025-01-16,other,2025-02-04,19,cumulative,822000,1,https://www.tabloidbintang.com/film-tv-musik/202741-lampaui-pengantin-setan-film-1-kakak-7-ponakan-menuju-1-juta-penonton,2025-02-05,hari ke-20 '822 ribu lebih'
PENGEPUNGAN DI BUKIT DURI,2025-04-17,other,2025-04-17,0,cumulative,71695,0,https://www.cnnindonesia.com/hiburan/20250422165636-220-1221391/pengepungan-di-bukit-duri-raih-503-ribu-penonton-jelang-sepekan-tayang,2025-04-22,Come and See Pictures; Easter long weekend 18-20 Apr
PENGEPUNGAN DI BUKIT DURI,2025-04-17,other,2025-04-19,2,cumulative,272092,0,https://www.cnnindonesia.com/hiburan/20250422165636-220-1221391/pengepungan-di-bukit-duri-raih-503-ribu-penonton-jelang-sepekan-tayang,2025-04-22,day 3
PENGEPUNGAN DI BUKIT DURI,2025-04-17,other,2025-04-20,3,cumulative,370070,0,https://www.cnnindonesia.com/hiburan/20250422165636-220-1221391/pengepungan-di-bukit-duri-raih-503-ribu-penonton-jelang-sepekan-tayang,2025-04-22,day 4
PENGEPUNGAN DI BUKIT DURI,2025-04-17,other,2025-04-21,4,cumulative,412519,0,https://www.cnnindonesia.com/hiburan/20250422165636-220-1221391/pengepungan-di-bukit-duri-raih-503-ribu-penonton-jelang-sepekan-tayang,2025-04-22,day 5
PENGEPUNGAN DI BUKIT DURI,2025-04-17,other,2025-04-22,5,cumulative,503987,0,https://www.cnnindonesia.com/hiburan/20250422165636-220-1221391/pengepungan-di-bukit-duri-raih-503-ribu-penonton-jelang-sepekan-tayang,2025-04-22,day 6 up to 14:30 (partial day)
PENGEPUNGAN DI BUKIT DURI,2025-04-17,other,2025-04-24,7,cumulative,703742,0,https://www.cnnindonesia.com/hiburan/20250426203612-220-1223038/pengepungan-di-bukit-duri-tembus-1-juta-penonton-hari-ke-10-tayang,2025-04-26,day 8
PENGEPUNGAN DI BUKIT DURI,2025-04-17,other,2025-04-25,8,cumulative,800915,0,https://www.cnnindonesia.com/hiburan/20250426203612-220-1223038/pengepungan-di-bukit-duri-tembus-1-juta-penonton-hari-ke-10-tayang,2025-04-26,day 9
PENGEPUNGAN DI BUKIT DURI,2025-04-17,other,2025-04-26,9,cumulative,1000000,1,https://www.cnnindonesia.com/hiburan/20250426203612-220-1223038/pengepungan-di-bukit-duri-tembus-1-juta-penonton-hari-ke-10-tayang,2025-04-26,day 10 by 18:00 (partial)
PERAYAAN MATI RASA,2025-01-29,other,2025-02-09,11,cumulative,900162,0,https://www.cnnindonesia.com/hiburan/20250210080307-220-1196392/film-1-kakak-7-ponakan-tembus-1-juta-penonton-dalam-17-hari,2025-02-10,ranking as of article (date approx)
PERAYAAN MATI RASA,2025-01-29,other,2025-02-10,12,cumulative,1000000,1,https://www.kompas.com/hype/read/2025/02/11/073914466/perayaan-mati-rasa-jadi-film-kedua-yang-tembus-satu-juta-penonton,2025-02-11,'dalam 13 hari'
CAPTAIN AMERICA: BRAVE NEW WORLD,2025-02-12,pre_ramadan_2025,2025-02-12,0,cumulative,230000,1,https://www.tabloidbintang.com/film-tv-musik/203110-film-captain-america-brave-new-world-susul-dark-nuns-serap-1-juta-penonton-di-indonesia,2025-02-19,foreign; opening Wednesday
CAPTAIN AMERICA: BRAVE NEW WORLD,2025-02-12,pre_ramadan_2025,2025-02-18,6,cumulative,1000000,1,https://www.tabloidbintang.com/film-tv-musik/203110-film-captain-america-brave-new-world-susul-dark-nuns-serap-1-juta-penonton-di-indonesia,2025-02-19,"hari ke-7, Cinepoint"
PERAYAAN MATI RASA,2025-01-29,pre_ramadan_2025,2025-02-02,4,cumulative,416000,1,https://www.tabloidbintang.com/film-tv-musik/202687-film-pengantin-setan-lampaui-800-ribu-penonton-1-kakak-7-ponakan-salip-almarhum,2025-02-03,hari ke-5 '416 ribu lebih'
PERAYAAN MATI RASA,2025-01-29,pre_ramadan_2025,2025-02-03,5,cumulative,515000,1,https://www.tabloidbintang.com/film-tv-musik/202712-dibintangi-iqbaal-ramadhan-perayaan-mati-rasa-susul-3-film-indonesia-2025-tembus-500-ribu-penonton,2025-02-04,"hari ke-6, Cinepoint"
PERAYAAN MATI RASA,2025-01-29,pre_ramadan_2025,2025-02-15,17,cumulative,1200000,1,https://www.tabloidbintang.com/film-tv-musik/203054-film-iqbaal-ramadhan-perayaan-mati-rasa-lampaui-perolehan-penonton-1-kakak-7-ponakan,2025-02-17,hari ke-18; +85 ribu lebih in last 2 days
PERAYAAN MATI RASA,2025-01-29,pre_ramadan_2025,2025-03-04,34,cumulative,1330000,1,https://www.tabloidbintang.com/film-tv-musik/203451-3-film-indonesia-2025-dengan-penonton-terbanyak-hingga-awal-maret,2025-03-05,"'1,33 juta lebih'; from 1.2M on 15 Feb = about +130k in 17 days (tail into Ramadan)"
PERAYAAN MATI RASA,2025-01-29,pre_ramadan_2025,2025-03-05,35,cumulative,1340000,1,https://www.tabloidbintang.com/film-tv-musik/203492-6-film-indonesia-2025-yang-sukses-raup-500-ribu-lebih-penonton-hingga-6-maret,2025-03-06,"'1,34 juta lebih' (about +10k/day in early Ramadan)"
PETAKA GUNUNG GEDE,2025-02-06,pre_ramadan_2025,2025-02-06,0,daily,170000,1,https://www.cnnindonesia.com/hiburan/20250212144509-220-1197464/petaka-gunung-gede-raih-1-juta-penonton-kurang-dari-sepekan-tayang,2025-02-12,opening day
PETAKA GUNUNG GEDE,2025-02-06,pre_ramadan_2025,2025-02-08,2,cumulative,546000,1,https://www.cnnindonesia.com/hiburan/20250212144509-220-1197464/petaka-gunung-gede-raih-1-juta-penonton-kurang-dari-sepekan-tayang,2025-02-12,3 days
PETAKA GUNUNG GEDE,2025-02-06,pre_ramadan_2025,2025-02-11,5,cumulative,1000000,1,https://www.cnnindonesia.com/hiburan/20250212144509-220-1197464/petaka-gunung-gede-raih-1-juta-penonton-kurang-dari-sepekan-tayang,2025-02-12,'1 juta ++ di hari keenam' (Starvision)
PETAKA GUNUNG GEDE,2025-02-06,pre_ramadan_2025,2025-02-16,10,cumulative,1840000,1,https://www.tabloidbintang.com/film-tv-musik/203041-petaka-gunung-gede-bakal-jadi-film-indonesia-2025-pertama-yang-raup-2-juta-penonton,2025-02-17,hari ke-11
PETAKA GUNUNG GEDE,2025-02-06,pre_ramadan_2025,2025-02-16,10,daily,170000,1,https://www.tabloidbintang.com/film-tv-musik/203041-petaka-gunung-gede-bakal-jadi-film-indonesia-2025-pertama-yang-raup-2-juta-penonton,2025-02-17,Sunday 16 Feb '170 ribu lebih' (second Sunday equals opening day)
PETAKA GUNUNG GEDE,2025-02-06,pre_ramadan_2025,2025-02-18,12,cumulative,2011122,0,https://www.cnnindonesia.com/hiburan/20250219150910-220-1200070/petaka-gunung-gede-tembus-2-juta-penonton-usai-tayang-13-hari,2025-02-19,'hari ke-13'
PETAKA GUNUNG GEDE,2025-02-06,pre_ramadan_2025,2025-03-03,25,cumulative,2800000,1,https://www.tabloidbintang.com/film-tv-musik/203421-hari-ke-26-teror-28-juta-penonton-petaka-gunung-gede-berhasil-lampaui-2-film-horor-md-pictures,2025-03-03,"hari ke-26 (Ramadan day 3); +131 ribu in last 4 days = about 32k/day (27 Feb to 3 Mar, straddling start of Ramadan 1 Mar)"
PETAKA GUNUNG GEDE,2025-02-06,pre_ramadan_2025,2025-03-05,27,cumulative,2854550,0,https://www.tabloidbintang.com/film-tv-musik/203505-sisa-250-lebih-bioskop-film-petaka-gunung-gede-bisa-lampaui-3-juta-penonton,2025-03-07,hari ke-28 (Ramadan day 5); 'kurang dari 60 ribu dalam 2 hari terakhir'; about 250 cinemas left
PETAKA GUNUNG GEDE,2025-02-06,pre_ramadan_2025,2025-03-13,35,cumulative,3000137,0,https://www.tabloidbintang.com/film-tv-musik/203718-ngeri-ngeri-sedap-petaka-gunung-gede-jadi-film-indonesia-2025-pertama-yang-raih-3-juta-penonton,2025-03-14,hari ke-36 (Ramadan day 13); 'tambahan hampir 150 ribu dalam delapan hari terakhir' = about 18.5k/day; kompas 2025-04-09 dates the 3M milestone 17 Mar
PETAKA GUNUNG GEDE,2025-02-06,pre_ramadan_2025,2025-03-17,39,cumulative,3000000,1,https://www.kompas.com/hype/read/2025/04/09/170855666/film-pabrik-gula-tembus-3-juta-penonton,2025-04-09,"reached 3M on 17 Mar 2025, i.e. during Ramadan"
PETAKA GUNUNG GEDE,2025-02-06,pre_ramadan_2025,2025-03-23,45,cumulative,3103665,0,https://www.tabloidbintang.com/film-tv-musik/203948-film-petaka-gunung-gede-kumpulkan-31-juta-penonton-ancam-posisi-air-mata-di-ujung-sajadah,2025-03-24,"minggu ke-7 (date approx, posted by 24 Mar 06:00); 'tambahan hampir 100 ribu dalam sepekan terakhir' = about 14k/day in Ramadan week 3"
DESA MATI,2025-03-06,ramadan_2025,2025-03-06,0,cumulative,15034,0,https://www.tabloidbintang.com/film-tv-musik/203549-hari-pertama-tayang-penonton-setan-botak-di-jembatan-ancol-ungguli-3-film-horor-indonesia-terbaru-lainnya,2025-03-08,"opening day during Ramadan (release date assumed, unverified)"
DESA MATI,2025-03-06,ramadan_2025,2025-03-20,14,cumulative,55000,1,https://www.tabloidbintang.com/film-tv-musik/203902-seminggu-tayang-penonton-film-singsot-siulan-kematian-lampaui-eva-pendakian-terakhir,2025-03-21,'lebih dari 55 ribu' (date approx)
IBLIS DALAM KANDUNGAN 2: DECEPTION,2025-02-27,ramadan_2025,2025-03-02,3,cumulative,100000,1,https://www.tabloidbintang.com/film-tv-musik/203555-9-hari-tayang-sedot-156-ribu-penonton-film-iblis-dalam-kandungan-2-deception-lampaui-1-imam-2-makmum,2025-03-08,"'melampaui 100 ribu penonton di hari ke-4'; released Thu before Ramadan (1 Mar), run almost fully in Ramadan"
IBLIS DALAM KANDUNGAN 2: DECEPTION,2025-02-27,ramadan_2025,2025-03-07,8,cumulative,156350,0,https://www.tabloidbintang.com/film-tv-musik/203555-9-hari-tayang-sedot-156-ribu-penonton-film-iblis-dalam-kandungan-2-deception-lampaui-1-imam-2-makmum,2025-03-08,hari ke-9 (producer)
IBLIS DALAM KANDUNGAN 2: DECEPTION,2025-02-27,ramadan_2025,2025-03-09,10,cumulative,166174,0,https://www.tabloidbintang.com/film-tv-musik/203606-2-hari-hampir-10-ribu-penonton-film-iblis-dalam-kandungan-2-deception-tembus-10-besar-film-indonesia-terlaris-2025,2025-03-11,hari ke-11; 'hampir 10 ribu dalam 2 hari terakhir (Sabtu dan Minggu)' = about 5k/day on second Ramadan weekend
IBLIS DALAM KANDUNGAN 2: DECEPTION,2025-02-27,ramadan_2025,2025-03-11,12,cumulative,178950,0,https://www.tabloidbintang.com/film-tv-musik/203654-film-iblis-dalam-kandungan-2-deception-mendekati-200-ribu-penonton,2025-03-12,hari ke-13; 'hampir 12 ribu lebih dalam 2 hari terakhir (Senin dan Selasa)'
IBLIS DALAM KANDUNGAN 2: DECEPTION,2025-02-27,ramadan_2025,2025-03-23,24,cumulative,220475,0,https://www.tabloidbintang.com/film-tv-musik/203971-25-hari-tayang-penonton-film-iblis-dalam-kandungan-2-deception-lampaui-keajaiban-air-mata-wanita,2025-03-24,hari ke-25; '+21 ribu lebih dalam 7 hari' = about 3k/day
SETAN BOTAK DI JEMBATAN ANCOL,2025-03-06,ramadan_2025,2025-03-06,0,cumulative,22893,0,https://www.tabloidbintang.com/film-tv-musik/203549-hari-pertama-tayang-penonton-setan-botak-di-jembatan-ancol-ungguli-3-film-horor-indonesia-terbaru-lainnya,2025-03-08,"opening day during Ramadan (release date assumed Thu 6 Mar, unverified); other Ramadan openers same day: Misteri Rumah Darah 2,167; Jabang Mayit 2,043"
SETAN BOTAK DI JEMBATAN ANCOL,2025-03-06,ramadan_2025,2025-03-20,14,cumulative,60000,1,https://www.tabloidbintang.com/film-tv-musik/203902-seminggu-tayang-penonton-film-singsot-siulan-kematian-lampaui-eva-pendakian-terakhir,2025-03-21,"'baru mengantongi 60 ribu lebih' (date approx, as of article)"
SINGSOT: SIULAN KEMATIAN,2025-03-13,ramadan_2025,2025-03-13,0,cumulative,10265,0,https://www.tabloidbintang.com/film-tv-musik/203773-ngenes-perolehan-penonton-hari-pertama-5-film-indonesia-baru-terbanyak-hanya-10-ribu,2025-03-17,"opening day, best of 5 local films opening Thu 13 Mar (Ramadan); others: Arwah Sinden 2,753; Bukan Jodoh Biasa Nih!! 1,928; Samar 1,573; Uwentira 509"
SINGSOT: SIULAN KEMATIAN,2025-03-13,ramadan_2025,2025-03-19,6,cumulative,112870,0,https://www.tabloidbintang.com/film-tv-musik/203902-seminggu-tayang-penonton-film-singsot-siulan-kematian-lampaui-eva-pendakian-terakhir,2025-03-21,hari ke-7 (Clock Work Films); only March 2025 local release above 100k by week 3
2ND MIRACLE IN CELL NO.7,2024-12-25,xmas_2024,2024-12-25,0,cumulative,159671,0,https://www.tabloidbintang.com/film-tv-musik/201718-hari-pertama-tayang-perolehan-penonton-2nd-miracle-in-cell-no7-ungguli-panggonan-wingit-2-miss-k,2024-12-26,opening day (Christmas Day)
2ND MIRACLE IN CELL NO.7,2024-12-25,xmas_2024,2024-12-26,1,cumulative,301000,1,https://www.tabloidbintang.com/film-tv-musik/201738-2-hari-tayang-perolehan-penonton-film-2nd-miracle-in-cell-no7-lebih-banyak-dari-panggonan-wingit-2-miss-k,2024-12-27,'301 ribu lebih'
2ND MIRACLE IN CELL NO.7,2024-12-25,xmas_2024,2024-12-26,1,daily,141000,1,https://www.tabloidbintang.com/film-tv-musik/201738-2-hari-tayang-perolehan-penonton-film-2nd-miracle-in-cell-no7-lebih-banyak-dari-panggonan-wingit-2-miss-k,2024-12-27,'141 ribu lebih' (cuti bersama day)
2ND MIRACLE IN CELL NO.7,2024-12-25,xmas_2024,2024-12-28,3,cumulative,560000,1,https://www.tabloidbintang.com/film-tv-musik/201785-4-hari-tayang-500-ribu-lebih-penonton-film-2nd-miracle-in-cell-no7-lampaui-sonic-the-hedgehog-3-di-indonesia,2024-12-29,"Cinepoint seen Sun 29 Dec, 4 days; 'rerata 140 ribu per hari'"
2ND MIRACLE IN CELL NO.7,2024-12-25,xmas_2024,2025-01-01,7,cumulative,1066702,0,https://www.tabloidbintang.com/film-tv-musik/201879-2nd-miracle-in-cell-no7-sah-jadi-film-indonesia-2024-ke-20-yang-sedot-1-juta-penonton,2025-01-02,"hari ke-8, Wed 1 Jan (New Year holiday); Cinepoint week 23-29 Dec = 688 ribu lebih"
2ND MIRACLE IN CELL NO.7,2024-12-25,xmas_2024,2025-01-04,10,cumulative,1300000,1,https://www.tabloidbintang.com/film-tv-musik/201941-lampaui-modal-nekad-film-panggonan-wingit-2-miss-k-menuju-1-juta-penonton,2025-01-05,"'mendekati angka 1,3 juta'"
2ND MIRACLE IN CELL NO.7,2024-12-25,xmas_2024,2025-01-06,12,cumulative,1500000,1,https://www.tabloidbintang.com/film-tv-musik/201980-film-panggonan-wingit-2-miss-k-bakal-susul-2nd-miracle-in-cell-no7-serap-1-juta-penonton,2025-01-06,"'mendekati angka 1,5 juta'"
BILA ESOK IBU TIADA,2024-11-14,xmas_2024,2025-01-01,48,cumulative,3922827,0,https://www.tabloidbintang.com/film-tv-musik/201896-film-bila-esok-ibu-tiada-bisa-capai-4-juta-penonton,2025-01-03,hari ke-49; '+25 ribu lebih dalam 7 hari terakhir (3.571 per hari)' over the New Year week
BILA ESOK IBU TIADA,2024-11-14,xmas_2024,2025-01-14,61,cumulative,3927731,0,https://www.tabloidbintang.com/film-tv-musik/202220-film-bila-esok-ibu-tiada-pamit-dari-bioskop-raup-hampir-4-juta-penonton,2025-01-15,final after 62 days
HUTANG NYAWA,2024-12-12,xmas_2024,2024-12-12,0,cumulative,90018,0,https://www.tabloidbintang.com/film-tv-musik/201392-perolehan-penonton-hari-pertama-3-film-indonesia-baru-hutang-nyawa-ngacir-sendirian,2024-12-14,opening day
HUTANG NYAWA,2024-12-12,xmas_2024,2024-12-15,3,cumulative,350000,1,https://www.tabloidbintang.com/film-tv-musik/201448-akhir-pekan-racun-sangga-santet-pemisah-rumah-tangga-teror-100-ribu-lebih-penonton,2024-12-16,'lebih dari 350 ribu' after 4 days
MOANA 2,2024-11-27,xmas_2024,2024-12-01,4,cumulative,1100000,1,https://www.tabloidbintang.com/film-tv-musik/201068-film-bila-esok-ibu-tiada-mendekati-35-juta-penonton-terlaris-ke-2-setelah-moana-2,2024-12-02,week 1 (25 Nov-1 Dec) total 1.1 juta per Cinepoint = cumulative at day 5
MOANA 2,2024-11-27,xmas_2024,2024-12-08,11,daily,200000,1,https://www.tabloidbintang.com/film-tv-musik/201276-laris-manis-film-moana-2-tembus-2-juta-penonton-di-indonesia,2024-12-10,Sunday 8 Dec '200 ribu lebih' (X Bicara Box Office); week 2 (2-8 Dec) 'hampir 1 juta'
MOANA 2,2024-11-27,xmas_2024,2024-12-09,12,cumulative,2000000,1,https://www.tabloidbintang.com/film-tv-musik/201276-laris-manis-film-moana-2-tembus-2-juta-penonton-di-indonesia,2024-12-10,Cinepoint Tue 10 Dec shows '2 juta lebih' (likely through 9 Dec)
MOANA 2,2024-11-27,xmas_2024,2024-12-29,32,cumulative,2994414,0,https://www.tabloidbintang.com/film-tv-musik/201813-moana-2-susul-3-film-impor-2024-raup-3-juta-penonton-di-indonesia,2024-12-30,Cinepoint to Sun 29 Dec; week 4 (23-29 Dec) 187 ribu lebih
MOANA 2,2024-11-27,xmas_2024,2025-01-07,41,cumulative,3100000,1,https://www.tabloidbintang.com/film-tv-musik/202010-film-moana-2-bisa-lampaui-perolehan-penonton-deadpool-wolverine-di-indonesia,2025-01-07,"Cinepoint '3,1 juta lebih'"
MODAL NEKAD,2024-12-19,xmas_2024,2024-12-22,3,cumulative,345105,0,https://www.tabloidbintang.com/film-tv-musik/201644-4-hari-tayang-perolehan-penonton-film-sorop-tertinggal-dari-modal-nekad,2024-12-24,4 days (Starvision)
MODAL NEKAD,2024-12-19,xmas_2024,2024-12-30,11,cumulative,706619,0,https://www.tabloidbintang.com/film-tv-musik/201850-film-modal-nekad-bisa-serap-1-juta-penonton,2025-01-01,Starvision post Tue 31 Dec says 'sampai dengan hari ke-18' which does not match dates; assume through 30 Dec
MODAL NEKAD,2024-12-19,xmas_2024,2025-01-04,16,cumulative,805000,1,https://www.tabloidbintang.com/film-tv-musik/201941-lampaui-modal-nekad-film-panggonan-wingit-2-miss-k-menuju-1-juta-penonton,2025-01-05,Cinepoint '805 ribu lebih'
MUFASA: THE LION KING,2024-12-18,xmas_2024,2025-01-04,17,cumulative,1500000,1,https://www.tabloidbintang.com/film-tv-musik/201941-lampaui-modal-nekad-film-panggonan-wingit-2-miss-k-menuju-1-juta-penonton,2025-01-05,"foreign; release date 18 Dec 2024 from kompas listing 'tayang pekan ini, ada Sorop hingga Mufasa' (unverified exact day); week 23-29 Dec 'hampir 600 ribu'"
MUFASA: THE LION KING,2024-12-18,xmas_2024,2025-01-06,19,cumulative,1600000,1,https://www.tabloidbintang.com/film-tv-musik/201980-film-panggonan-wingit-2-miss-k-bakal-susul-2nd-miracle-in-cell-no7-serap-1-juta-penonton,2025-01-06,"'1,6 juta lebih'"
PANGGONAN WINGIT 2: MISS K,2024-12-25,xmas_2024,2024-12-25,0,cumulative,105072,0,https://www.tabloidbintang.com/film-tv-musik/201718-hari-pertama-tayang-perolehan-penonton-2nd-miracle-in-cell-no7-ungguli-panggonan-wingit-2-miss-k,2024-12-26,opening day
PANGGONAN WINGIT 2: MISS K,2024-12-25,xmas_2024,2024-12-26,1,cumulative,201000,1,https://www.tabloidbintang.com/film-tv-musik/201738-2-hari-tayang-perolehan-penonton-film-2nd-miracle-in-cell-no7-lebih-banyak-dari-panggonan-wingit-2-miss-k,2024-12-27,'201 ribu lebih'
PANGGONAN WINGIT 2: MISS K,2024-12-25,xmas_2024,2024-12-26,1,daily,95000,1,https://www.tabloidbintang.com/film-tv-musik/201738-2-hari-tayang-perolehan-penonton-film-2nd-miracle-in-cell-no7-lebih-banyak-dari-panggonan-wingit-2-miss-k,2024-12-27,'95 ribu lebih'
PANGGONAN WINGIT 2: MISS K,2024-12-25,xmas_2024,2024-12-30,5,cumulative,525183,0,https://www.tabloidbintang.com/film-tv-musik/201849-film-panggonan-wingit-2-miss-k-susul-2nd-miracle-in-cell-no7-raup-500-ribu-penonton,2025-01-01,producer 'di hari ke-6'
PANGGONAN WINGIT 2: MISS K,2024-12-25,xmas_2024,2025-01-04,10,cumulative,828000,1,https://www.tabloidbintang.com/film-tv-musik/201941-lampaui-modal-nekad-film-panggonan-wingit-2-miss-k-menuju-1-juta-penonton,2025-01-05,Cinepoint '828 ribu lebih'
PANGGONAN WINGIT 2: MISS K,2024-12-25,xmas_2024,2025-01-05,11,cumulative,940000,1,https://www.tabloidbintang.com/film-tv-musik/201980-film-panggonan-wingit-2-miss-k-bakal-susul-2nd-miracle-in-cell-no7-serap-1-juta-penonton,2025-01-06,"'hingga hari ke-12' 940 ribu lebih; +237,968 in last 4 days (about 59k per day)"
RACUN SANGGA: SANTET PEMISAH RUMAH TANGGA,2024-12-12,xmas_2024,2024-12-12,0,cumulative,37913,0,https://www.tabloidbintang.com/film-tv-musik/201392-perolehan-penonton-hari-pertama-3-film-indonesia-baru-hutang-nyawa-ngacir-sendirian,2024-12-14,opening day
RACUN SANGGA: SANTET PEMISAH RUMAH TANGGA,2024-12-12,xmas_2024,2024-12-14,2,daily,54118,0,https://www.tabloidbintang.com/film-tv-musik/201448-akhir-pekan-racun-sangga-santet-pemisah-rumah-tangga-teror-100-ribu-lebih-penonton,2024-12-16,Saturday
RACUN SANGGA: SANTET PEMISAH RUMAH TANGGA,2024-12-12,xmas_2024,2024-12-15,3,cumulative,186146,0,https://www.tabloidbintang.com/film-tv-musik/201448-akhir-pekan-racun-sangga-santet-pemisah-rumah-tangga-teror-100-ribu-lebih-penonton,2024-12-16,day 4 of run
RACUN SANGGA: SANTET PEMISAH RUMAH TANGGA,2024-12-12,xmas_2024,2024-12-15,3,daily,54421,0,https://www.tabloidbintang.com/film-tv-musik/201448-akhir-pekan-racun-sangga-santet-pemisah-rumah-tangga-teror-100-ribu-lebih-penonton,2024-12-16,Sunday
RACUN SANGGA: SANTET PEMISAH RUMAH TANGGA,2024-12-12,xmas_2024,2024-12-16,4,daily,51628,0,https://www.tabloidbintang.com/film-tv-musik/201508-film-racun-sangga-santet-pemisah-rumah-tangga-hari-ini-bakal-tembus-300-ribu-penonton,2024-12-18,Monday (school holidays starting)
RACUN SANGGA: SANTET PEMISAH RUMAH TANGGA,2024-12-12,xmas_2024,2024-12-17,5,cumulative,282917,0,https://www.tabloidbintang.com/film-tv-musik/201508-film-racun-sangga-santet-pemisah-rumah-tangga-hari-ini-bakal-tembus-300-ribu-penonton,2024-12-18,day 6 of run
RACUN SANGGA: SANTET PEMISAH RUMAH TANGGA,2024-12-12,xmas_2024,2024-12-17,5,daily,45143,0,https://www.tabloidbintang.com/film-tv-musik/201508-film-racun-sangga-santet-pemisah-rumah-tangga-hari-ini-bakal-tembus-300-ribu-penonton,2024-12-18,Tuesday
RACUN SANGGA: SANTET PEMISAH RUMAH TANGGA,2024-12-12,xmas_2024,2024-12-18,6,cumulative,322925,0,https://www.tabloidbintang.com/film-tv-musik/201634-film-racun-sangga-santet-pemisah-rumah-tangga-bisa-tembus-500-ribu-penonton,2024-12-23,day 7 of run
RACUN SANGGA: SANTET PEMISAH RUMAH TANGGA,2024-12-12,xmas_2024,2024-12-22,10,cumulative,413060,0,https://www.tabloidbintang.com/film-tv-musik/201634-film-racun-sangga-santet-pemisah-rumah-tangga-bisa-tembus-500-ribu-penonton,2024-12-23,day 11 of run (producer)
RACUN SANGGA: SANTET PEMISAH RUMAH TANGGA,2024-12-12,xmas_2024,2024-12-22,10,daily,23000,1,https://www.tabloidbintang.com/film-tv-musik/201634-film-racun-sangga-santet-pemisah-rumah-tangga-bisa-tembus-500-ribu-penonton,2024-12-23,Sunday 22 Dec 'kurang dari 23 ribu' (vs 54k on first Sunday)
RACUN SANGGA: SANTET PEMISAH RUMAH TANGGA,2024-12-12,xmas_2024,2024-12-27,15,cumulative,500000,1,https://www.tabloidbintang.com/film-tv-musik/201760-film-racun-sangga-santet-pemisah-rumah-tangga-susul-modal-nekad-tembus-500-ribu-penonton,2024-12-28,'di hari ke-16'
RACUN SANGGA: SANTET PEMISAH RUMAH TANGGA,2024-12-12,xmas_2024,2024-12-31,19,cumulative,529000,1,https://www.tabloidbintang.com/film-tv-musik/201849-film-panggonan-wingit-2-miss-k-susul-2nd-miracle-in-cell-no7-raup-500-ribu-penonton,2025-01-01,Cinepoint '529 ribu lebih'
SONIC THE HEDGEHOG 3,2024-12-25,xmas_2024,2024-12-28,3,cumulative,508000,1,https://www.tabloidbintang.com/film-tv-musik/201785-4-hari-tayang-500-ribu-lebih-penonton-film-2nd-miracle-in-cell-no7-lampaui-sonic-the-hedgehog-3-di-indonesia,2024-12-29,foreign; Cinepoint '508 ribu lebih'; release date per article context (25 Dec)
SONIC THE HEDGEHOG 3,2024-12-25,xmas_2024,2025-01-04,10,cumulative,800000,1,https://www.tabloidbintang.com/film-tv-musik/201941-lampaui-modal-nekad-film-panggonan-wingit-2-miss-k-menuju-1-juta-penonton,2025-01-05,'mendekati 800 ribu'
SOROP,2024-12-19,xmas_2024,2024-12-19,0,cumulative,80574,0,https://www.harianterbit.com/lifestyle/27414192240/fantastis-sehari-penayangan-film-sorop-tembus-80-ribu-lebih-penonton,2024-12-22,opening day
SOROP,2024-12-19,xmas_2024,2024-12-22,3,cumulative,217296,0,https://www.tabloidbintang.com/film-tv-musik/201644-4-hari-tayang-perolehan-penonton-film-sorop-tertinggal-dari-modal-nekad,2024-12-24,Cinepoint after 4 days
SOROP,2024-12-19,xmas_2024,2024-12-31,12,cumulative,562000,1,https://www.tabloidbintang.com/film-tv-musik/201849-film-panggonan-wingit-2-miss-k-susul-2nd-miracle-in-cell-no7-raup-500-ribu-penonton,2025-01-01,Cinepoint '562 ribu lebih'
